#,Name,Team,G,AB,PA,H,1B,2B,3B,HR,R,RBI,BB,IBB,SO,HBP,SF,SH,SB,CS,NSB,AVG,OBP,SLG,OPS,BABIP,K%,BB%,HIP,1B%,2B%,3B%,HR%,R%,RBI%,IBB%,HBP%,SF%,SH%,SB%,CS%
230,Alek Thomas,ARI,83,278,303,69,45,15,2,7,36,34,19,1,57,2,2,1,7,2,5,0.248,0.299003322,0.392086331,0.691089653,0.287037037,18.81188119,6.270627063,62,0.7258064516129032,0.24193548387096775,0.03225806451612903,0.0231023102310231,0.1188118811881188,0.11221122112211221,0.0033003300330033004,0.006600660066006601,0.006600660066006601,0.0033003300330033004,0.0231023102310231,0.006600660066006601
22,Corbin Carroll,ARI,150,567,653,146,86,28,10,23,107,75,68,1,126,10,5,3,39,7,32,0.257,0.344615385,0.465608466,0.81022385,0.290780142,19.29555896,10.41347626,123,0.6991869918699187,0.22764227642276422,0.08130081300813008,0.03522205206738132,0.1638591117917305,0.11485451761102604,0.0015313935681470138,0.015313935681470138,0.007656967840735069,0.004594180704441042,0.05972434915773354,0.010719754977029096
108,Eugenio Suarez,ARI,145,533,603,125,75,24,1,24,72,83,54,0,172,10,6,0,2,1,1,0.235,0.313432836,0.416510319,0.729943155,0.294460641,28.52404643,8.955223881,101,0.7425742574257426,0.2376237623762376,0.009900990099009901,0.03980099502487562,0.11940298507462686,0.13764510779436154,0.0,0.01658374792703151,0.009950248756218905,0.0,0.003316749585406302,0.001658374792703151
42,Gabriel Moreno,ARI,119,400,450,111,79,22,1,9,51,53,42,1,74,4,4,0,5,1,4,0.277,0.348888889,0.405,0.753888889,0.317757009,16.44444444,9.333333333,102,0.7745098039215687,0.21568627450980393,0.00980392156862745,0.02,0.11333333333333333,0.11777777777777777,0.0022222222222222222,0.008888888888888889,0.008888888888888889,0.0,0.011111111111111112,0.0022222222222222222
172,Jake McCarthy,ARI,130,465,517,122,88,20,6,8,67,51,36,1,91,9,3,4,28,6,22,0.262,0.325536062,0.382795699,0.708331761,0.308943089,17.60154739,6.963249516,114,0.7719298245614035,0.17543859649122806,0.05263157894736842,0.015473887814313346,0.12959381044487428,0.09864603481624758,0.0019342359767891683,0.017408123791102514,0.005802707930367505,0.007736943907156673,0.05415860735009671,0.01160541586073501
224,Jordan Lawlar,ARI,64,235,262,58,39,11,1,6,33,27,21,0,64,4,2,1,11,2,9,0.245,0.316793893,0.374468085,0.691261978,0.311377246,24.42748092,8.015267176,52,0.75,0.21153846153846154,0.019230769230769232,0.022900763358778626,0.12595419847328243,0.10305343511450382,0.0,0.015267175572519083,0.007633587786259542,0.003816793893129771,0.04198473282442748,0.007633587786259542
160,Josh Naylor,ARI,140,535,596,141,89,30,0,22,74,91,50,6,92,6,5,0,7,2,5,0.263,0.330536913,0.442990654,0.773527567,0.279342723,15.43624161,8.389261745,119,0.7478991596638656,0.25210084033613445,0.0,0.03691275167785235,0.12416107382550336,0.15268456375838926,0.010067114093959731,0.010067114093959731,0.008389261744966443,0.0,0.01174496644295302,0.003355704697986577
13,Ketel Marte,ARI,141,537,614,148,86,30,3,28,89,89,66,4,109,5,5,0,7,2,5,0.276,0.35725938,0.497206704,0.854466084,0.296296296,17.752443,10.74918567,120,0.7166666666666667,0.25,0.025,0.04560260586319218,0.1449511400651466,0.1449511400651466,0.006514657980456026,0.008143322475570033,0.008143322475570033,0.0,0.011400651465798045,0.003257328990228013
198,Lourdes Gurriel Jr.,ARI,133,518,560,141,94,28,2,17,66,73,32,1,100,6,4,0,6,2,4,0.271,0.319642857,0.432432432,0.75207529,0.30617284,17.85714286,5.714285714,124,0.7580645161290323,0.22580645161290322,0.016129032258064516,0.030357142857142857,0.11785714285714285,0.13035714285714287,0.0017857142857142857,0.010714285714285714,0.007142857142857143,0.0,0.010714285714285714,0.0035714285714285713
362,Pavin Smith,ARI,82,263,300,63,39,13,1,10,36,39,32,1,63,1,2,0,2,0,2,0.24,0.322147651,0.410646388,0.732794039,0.276041667,21.0,10.66666667,53,0.7358490566037735,0.24528301886792453,0.018867924528301886,0.03333333333333333,0.12,0.13,0.0033333333333333335,0.0033333333333333335,0.006666666666666667,0.0,0.006666666666666667,0.0
66,Brent Rooker,ATH,142,533,603,135,74,24,2,35,80,92,56,3,180,8,4,0,8,2,6,0.253,0.331114809,0.502814259,0.833929068,0.310559006,29.85074627,9.286898839,100,0.74,0.24,0.02,0.05804311774461028,0.13266998341625208,0.15257048092868988,0.004975124378109453,0.013266998341625208,0.006633499170812604,0.0,0.013266998341625208,0.003316749585406302
119,Jacob Wilson,ATH,125,450,489,124,89,27,2,6,56,45,27,1,52,5,4,3,4,1,3,0.275,0.320987654,0.384444444,0.705432099,0.297979798,10.63394683,5.521472393,118,0.7542372881355932,0.2288135593220339,0.01694915254237288,0.012269938650306749,0.11451942740286299,0.09202453987730061,0.002044989775051125,0.010224948875255624,0.0081799591002045,0.006134969325153374,0.0081799591002045,0.002044989775051125
109,JJ Bleday,ATH,143,522,597,121,69,29,3,21,71,66,68,1,128,4,3,1,4,2,2,0.232,0.323283082,0.421455939,0.744739021,0.265957447,21.44053601,11.39028476,100,0.69,0.29,0.03,0.035175879396984924,0.11892797319932999,0.11055276381909548,0.0016750418760469012,0.006700167504187605,0.005025125628140704,0.0016750418760469012,0.006700167504187605,0.0033500837520938024
103,Lawrence Butler,ATH,144,534,585,133,80,27,3,24,76,69,45,1,140,2,4,1,19,3,16,0.25,0.307692308,0.447565543,0.755257851,0.29144385,23.93162393,7.692307692,109,0.7339449541284404,0.24770642201834864,0.027522935779816515,0.041025641025641026,0.12991452991452992,0.11794871794871795,0.0017094017094017094,0.003418803418803419,0.006837606837606838,0.0017094017094017094,0.03247863247863248,0.005128205128205128
68,Shea Langeliers,ATH,127,454,500,103,56,19,2,26,58,70,37,1,136,5,4,0,3,1,2,0.227,0.29,0.449339207,0.739339207,0.260135135,27.2,7.4,77,0.7272727272727273,0.24675324675324675,0.025974025974025976,0.052,0.116,0.14,0.002,0.01,0.008,0.0,0.006,0.002
307,Tyler Soderstrom,ATH,130,463,511,106,62,20,2,23,55,65,40,2,136,5,4,0,1,1,0,0.23,0.294921875,0.431965443,0.726887318,0.269480519,26.61448141,7.82778865,83,0.7469879518072289,0.24096385542168675,0.024096385542168676,0.04500978473581213,0.10763209393346379,0.12720156555772993,0.003913894324853229,0.009784735812133072,0.007827788649706457,0.0,0.0019569471624266144,0.0019569471624266144
147,Zack Gelof,ATH,141,528,582,118,72,24,2,20,69,60,44,0,184,4,4,2,23,5,18,0.224,0.286206897,0.390151515,0.676358412,0.298780488,31.61512027,7.560137457,98,0.7346938775510204,0.24489795918367346,0.02040816326530612,0.03436426116838488,0.11855670103092783,0.10309278350515463,0.0,0.006872852233676976,0.006872852233676976,0.003436426116838488,0.03951890034364261,0.00859106529209622
21,Austin Riley,ATL,150,579,648,155,91,31,2,32,91,93,53,2,157,9,6,0,2,0,2,0.268,0.335394127,0.495682211,0.831076337,0.310606061,24.22839506,8.179012346,123,0.7398373983739838,0.25203252032520324,0.016260162601626018,0.04938271604938271,0.1404320987654321,0.14351851851851852,0.0030864197530864196,0.013888888888888888,0.009259259259259259,0.0,0.0030864197530864196,0.0
345,Drake Baldwin,ATL,33,113,127,26,18,5,0,3,14,14,12,0,28,1,1,0,0,0,0,0.234,0.307086614,0.353982301,0.661068915,0.277108434,22.04724409,9.448818898,23,0.782608695652174,0.21739130434782608,0.0,0.023622047244094488,0.11023622047244094,0.11023622047244094,0.0,0.007874015748031496,0.007874015748031496,0.0,0.0,0.0
176,Jurickson Profar,ATL,142,522,604,133,89,26,1,16,77,65,65,2,97,10,4,3,7,2,5,0.254,0.34608985,0.398467433,0.744557283,0.283292978,16.05960265,10.7615894,117,0.7606837606837606,0.2222222222222222,0.008547008547008548,0.026490066225165563,0.12748344370860928,0.1076158940397351,0.0033112582781456954,0.016556291390728478,0.006622516556291391,0.004966887417218543,0.011589403973509934,0.0033112582781456954
113,Marcell Ozuna,ATL,148,557,625,145,87,26,0,32,83,92,61,1,152,4,4,0,1,0,1,0.261,0.335463259,0.47935368,0.814816939,0.299734748,24.32,9.76,113,0.7699115044247787,0.23008849557522124,0.0,0.0512,0.1328,0.1472,0.0016,0.0064,0.0064,0.0,0.0016,0.0
52,Matt Olson,ATL,155,575,664,144,80,29,1,33,89,101,78,6,158,6,5,0,1,0,1,0.25,0.343373494,0.474782609,0.818156103,0.285347044,23.79518072,11.74698795,111,0.7207207207207207,0.26126126126126126,0.009009009009009009,0.04969879518072289,0.13403614457831325,0.15210843373493976,0.009036144578313253,0.009036144578313253,0.007530120481927711,0.0,0.0015060240963855422,0.0
26,Michael Harris II,ATL,140,548,591,153,99,30,4,21,84,71,33,2,115,6,3,1,18,5,13,0.28,0.325423729,0.465328467,0.790752196,0.318072289,19.45854484,5.583756345,132,0.75,0.22727272727272727,0.030303030303030304,0.03553299492385787,0.14213197969543148,0.12013536379018612,0.00338409475465313,0.01015228426395939,0.005076142131979695,0.001692047377326565,0.030456852791878174,0.008460236886632826
55,Ozzie Albies,ATL,145,571,626,149,92,32,3,21,82,81,42,1,98,7,6,0,12,3,9,0.261,0.31629393,0.436077058,0.752370988,0.279475983,15.65495208,6.709265176,128,0.71875,0.25,0.0234375,0.03354632587859425,0.13099041533546327,0.12939297124600638,0.001597444089456869,0.011182108626198083,0.009584664536741214,0.0,0.019169329073482427,0.004792332268370607
24,Ronald Acuna Jr.,ATL,117,452,525,128,81,24,2,21,90,63,62,2,98,8,3,1,31,10,21,0.284,0.377142857,0.484513274,0.861656131,0.318452381,18.66666667,11.80952381,107,0.7570093457943925,0.22429906542056074,0.018691588785046728,0.04,0.17142857142857143,0.12,0.0038095238095238095,0.015238095238095238,0.005714285714285714,0.0019047619047619048,0.05904761904761905,0.01904761904761905
57,Sean Murphy,ATL,110,374,428,87,52,18,1,17,50,53,42,1,100,10,3,0,0,0,0,0.233,0.324009324,0.42513369,0.749143014,0.269230769,23.36448598,9.813084112,70,0.7428571428571429,0.2571428571428571,0.014285714285714285,0.0397196261682243,0.11682242990654206,0.12383177570093458,0.002336448598130841,0.02336448598130841,0.007009345794392523,0.0,0.0,0.0
17,Adley Rutschman,BAL,146,536,613,138,89,28,1,20,76,73,68,3,97,4,5,1,2,0,2,0.257,0.342577488,0.425373134,0.767950622,0.278301887,15.82381729,11.09298532,118,0.7542372881355932,0.23728813559322035,0.00847457627118644,0.03262642740619902,0.12398042414355628,0.11908646003262642,0.004893964110929853,0.0065252854812398045,0.008156606851549755,0.0016313213703099511,0.0032626427406199023,0.0
114,Cedric Mullins,BAL,131,466,519,110,71,21,3,15,65,59,43,1,104,5,3,2,27,6,21,0.237,0.305609284,0.39055794,0.696167224,0.271428571,20.03853565,8.285163776,95,0.7473684210526316,0.22105263157894736,0.031578947368421054,0.028901734104046242,0.1252408477842004,0.11368015414258188,0.0019267822736030828,0.009633911368015413,0.005780346820809248,0.0038535645472061657,0.05202312138728324,0.011560693641618497
332,Coby Mayo,BAL,46,151,169,35,21,8,0,6,19,20,14,0,51,2,1,0,1,1,0,0.23,0.303571429,0.40397351,0.707544939,0.305263158,30.17751479,8.284023669,29,0.7241379310344828,0.27586206896551724,0.0,0.03550295857988166,0.11242603550295859,0.11834319526627218,0.0,0.011834319526627219,0.005917159763313609,0.0,0.005917159763313609,0.005917159763313609
63,Colton Cowser,BAL,137,484,555,117,71,23,2,21,74,68,58,2,165,8,4,1,9,3,6,0.241,0.33032491,0.42768595,0.75801086,0.317880795,29.72972973,10.45045045,96,0.7395833333333334,0.23958333333333334,0.020833333333333332,0.03783783783783784,0.13333333333333333,0.12252252252252252,0.0036036036036036037,0.014414414414414415,0.007207207207207207,0.0018018018018018018,0.016216216216216217,0.005405405405405406
3,Gunnar Henderson,BAL,152,584,665,158,90,30,6,31,103,89,71,2,150,6,4,1,16,4,12,0.27,0.353383459,0.5,0.853383459,0.312039312,22.55639098,10.67669173,127,0.7086614173228346,0.23622047244094488,0.047244094488188976,0.04661654135338346,0.1548872180451128,0.13383458646616542,0.0030075187969924814,0.009022556390977444,0.006015037593984963,0.0015037593984962407,0.02406015037593985,0.006015037593984963
214,Heston Kjerstad,BAL,98,333,371,84,53,16,2,13,44,45,28,2,97,8,2,0,3,1,2,0.251,0.323450135,0.429429429,0.752879564,0.315555556,26.14555256,7.547169811,71,0.7464788732394366,0.22535211267605634,0.028169014084507043,0.03504043126684636,0.11859838274932614,0.12129380053908356,0.005390835579514825,0.0215633423180593,0.005390835579514825,0.0,0.008086253369272238,0.0026954177897574125
121,Jackson Holliday,BAL,120,407,467,95,60,21,2,11,62,47,54,1,126,3,3,1,9,2,7,0.233,0.325481799,0.373464373,0.698946172,0.307692308,26.98072805,11.56316916,84,0.7142857142857143,0.25,0.023809523809523808,0.023554603854389723,0.13276231263383298,0.1006423982869379,0.0021413276231263384,0.006423982869379015,0.006423982869379015,0.0021413276231263384,0.019271948608137045,0.004282655246252677
35,Jordan Westburg,BAL,137,517,568,136,82,29,4,21,71,73,39,1,128,8,3,1,10,2,8,0.263,0.322751323,0.456479691,0.779231013,0.309973046,22.53521127,6.866197183,115,0.7130434782608696,0.25217391304347825,0.034782608695652174,0.03697183098591549,0.125,0.12852112676056338,0.0017605633802816902,0.014084507042253521,0.00528169014084507,0.0017605633802816902,0.017605633802816902,0.0035211267605633804
200,Ryan Mountcastle,BAL,125,476,519,124,81,24,1,18,59,67,34,1,121,3,5,0,3,1,2,0.26,0.310810811,0.428571429,0.739382239,0.30994152,23.31406551,6.55105973,106,0.7641509433962265,0.22641509433962265,0.009433962264150943,0.03468208092485549,0.11368015414258188,0.12909441233140656,0.0019267822736030828,0.005780346820809248,0.009633911368015413,0.0,0.005780346820809248,0.0019267822736030828
221,Ryan O'Hearn,BAL,103,364,401,96,63,18,2,13,48,52,31,2,72,3,3,0,3,1,2,0.263,0.324189526,0.431318681,0.755508208,0.294326241,17.95511222,7.730673317,83,0.7590361445783133,0.21686746987951808,0.024096385542168676,0.032418952618453865,0.11970074812967581,0.12967581047381546,0.004987531172069825,0.007481296758104738,0.007481296758104738,0.0,0.007481296758104738,0.0024937655860349127
127,Tyler O'Neill,BAL,116,424,482,99,57,17,1,24,65,64,49,2,147,6,3,0,6,2,4,0.234,0.319502075,0.448113208,0.767615282,0.29296875,30.49792531,10.1659751,75,0.76,0.22666666666666666,0.013333333333333334,0.04979253112033195,0.13485477178423236,0.13278008298755187,0.004149377593360996,0.012448132780082987,0.006224066390041493,0.0,0.012448132780082987,0.004149377593360996
40,Alex Bregman,BOS,138,555,629,143,90,29,2,22,80,80,62,1,81,7,5,0,3,1,2,0.258,0.337042925,0.436036036,0.773078961,0.264770241,12.87758347,9.856915739,121,0.743801652892562,0.2396694214876033,0.01652892561983471,0.034976152623211444,0.1271860095389507,0.1271860095389507,0.001589825119236884,0.011128775834658187,0.00794912559618442,0.0,0.0047694753577106515,0.001589825119236884
217,Ceddanne Rafaela,BOS,117,433,461,106,69,21,4,12,55,53,17,1,114,6,3,2,17,5,12,0.245,0.281045752,0.394919169,0.67596492,0.303225806,24.72885033,3.687635575,94,0.7340425531914894,0.22340425531914893,0.0425531914893617,0.026030368763557483,0.1193058568329718,0.11496746203904555,0.0021691973969631237,0.013015184381778741,0.006507592190889371,0.004338394793926247,0.0368763557483731,0.010845986984815618
182,Connor Wong,BOS,106,368,401,90,59,19,1,11,45,43,23,0,106,6,2,2,7,3,4,0.245,0.298245614,0.391304348,0.689549962,0.312252964,26.43391521,5.735660848,79,0.7468354430379747,0.24050632911392406,0.012658227848101266,0.02743142144638404,0.11221945137157108,0.10723192019950124,0.0,0.014962593516209476,0.004987531172069825,0.004987531172069825,0.017456359102244388,0.007481296758104738
38,Jarren Duran,BOS,148,587,646,157,94,37,8,18,91,69,49,1,148,6,3,1,30,6,24,0.268,0.328682171,0.449744463,0.778426634,0.327830189,22.91021672,7.585139319,139,0.6762589928057554,0.26618705035971224,0.05755395683453238,0.02786377708978328,0.14086687306501547,0.10681114551083591,0.0015479876160990713,0.009287925696594427,0.0046439628482972135,0.0015479876160990713,0.04643962848297214,0.009287925696594427
204,Kristian Campbell,BOS,69,252,285,66,44,13,2,7,36,32,26,1,63,4,2,0,8,2,6,0.262,0.338028169,0.412698413,0.750726582,0.320652174,22.10526316,9.122807018,59,0.7457627118644068,0.22033898305084745,0.03389830508474576,0.02456140350877193,0.12631578947368421,0.11228070175438597,0.0035087719298245615,0.014035087719298246,0.007017543859649123,0.0,0.028070175438596492,0.007017543859649123
255,Masataka Yoshida,BOS,108,403,447,111,76,22,1,11,52,55,33,1,58,8,3,0,3,1,2,0.276,0.340044743,0.41439206,0.754436802,0.296735905,12.9753915,7.382550336,100,0.76,0.22,0.01,0.024608501118568233,0.116331096196868,0.12304250559284116,0.0022371364653243847,0.017897091722595078,0.006711409395973154,0.0,0.006711409395973154,0.0022371364653243847
34,Rafael Devers,BOS,147,561,638,150,85,32,3,31,88,94,66,10,138,6,4,0,4,1,3,0.268,0.348508634,0.502673797,0.851182431,0.300505051,21.63009404,10.34482759,119,0.7142857142857143,0.2689075630252101,0.025210084033613446,0.048589341692789965,0.13793103448275862,0.14733542319749215,0.01567398119122257,0.009404388714733543,0.006269592476489028,0.0,0.006269592476489028,0.001567398119122257
252,Roman Anthony,BOS,87,311,353,76,48,18,2,8,44,37,37,1,90,2,2,1,8,2,6,0.245,0.326704545,0.392282958,0.718987504,0.31627907,25.49575071,10.4815864,68,0.7058823529411765,0.2647058823529412,0.029411764705882353,0.0226628895184136,0.12464589235127478,0.1048158640226629,0.0028328611898017,0.0056657223796034,0.0056657223796034,0.0028328611898017,0.0226628895184136,0.0056657223796034
181,Trevor Story,BOS,113,423,470,97,61,22,1,13,54,53,39,3,138,5,3,0,19,5,14,0.23,0.3,0.378250591,0.678250591,0.305454545,29.36170213,8.29787234,84,0.7261904761904762,0.2619047619047619,0.011904761904761904,0.027659574468085105,0.1148936170212766,0.1127659574468085,0.006382978723404255,0.010638297872340425,0.006382978723404255,0.0,0.04042553191489362,0.010638297872340425
138,Triston Casas,BOS,140,497,578,120,68,24,2,26,73,78,75,5,155,4,3,0,1,0,1,0.242,0.343696028,0.45472837,0.798424398,0.294670846,26.816609,12.97577855,94,0.723404255319149,0.2553191489361702,0.02127659574468085,0.04498269896193772,0.12629757785467127,0.13494809688581316,0.00865051903114187,0.006920415224913495,0.005190311418685121,0.0,0.0017301038062283738,0.0
150,Wilyer Abreu,BOS,119,411,466,99,58,24,1,16,60,58,49,1,125,3,3,0,9,3,6,0.242,0.324034335,0.420924574,0.744958909,0.304029304,26.82403433,10.51502146,83,0.6987951807228916,0.2891566265060241,0.012048192771084338,0.034334763948497854,0.12875536480686695,0.12446351931330472,0.002145922746781116,0.006437768240343348,0.006437768240343348,0.0,0.019313304721030045,0.006437768240343348
30,Dansby Swanson,CHC,149,560,623,137,90,26,2,19,78,74,55,1,152,4,4,0,15,4,11,0.244,0.314606742,0.4,0.714606742,0.300254453,24.39807384,8.828250401,118,0.7627118644067796,0.22033898305084745,0.01694915254237288,0.030497592295345103,0.12520064205457465,0.1187800963081862,0.0016051364365971107,0.006420545746388443,0.006420545746388443,0.0,0.024077046548956663,0.006420545746388443
69,Ian Happ,CHC,150,559,647,135,82,30,2,22,84,77,77,2,157,6,4,0,12,3,9,0.242,0.3374613,0.422182469,0.759643769,0.294270833,24.26584235,11.90108192,113,0.7256637168141593,0.26548672566371684,0.017699115044247787,0.03400309119010819,0.12982998454404945,0.11901081916537867,0.0030911901081916537,0.00927357032457496,0.0061823802163833074,0.0,0.01854714064914992,0.00463678516228748
12,Kyle Tucker,CHC,148,551,642,153,89,30,2,31,94,94,83,6,99,2,5,0,21,5,16,0.277,0.371294852,0.506352087,0.877646939,0.286384977,15.42056075,12.92834891,122,0.7295081967213115,0.2459016393442623,0.01639344262295082,0.048286604361370715,0.14641744548286603,0.14641744548286603,0.009345794392523364,0.003115264797507788,0.00778816199376947,0.0,0.03271028037383177,0.00778816199376947
135,Matt Shaw,CHC,116,425,473,105,71,18,2,14,56,54,38,1,101,6,3,1,17,4,13,0.248,0.315677966,0.397647059,0.713325025,0.290734824,21.35306554,8.033826638,91,0.7802197802197802,0.1978021978021978,0.02197802197802198,0.02959830866807611,0.11839323467230443,0.11416490486257928,0.0021141649048625794,0.012684989429175475,0.006342494714587738,0.0021141649048625794,0.035940803382663845,0.008456659619450317
157,Michael Busch,CHC,141,507,578,121,73,26,2,21,72,72,60,1,160,7,4,0,3,1,2,0.238,0.325259516,0.424063116,0.749322632,0.303030303,27.6816609,10.38062284,100,0.73,0.26,0.02,0.03633217993079585,0.1245674740484429,0.1245674740484429,0.0017301038062283738,0.012110726643598616,0.006920415224913495,0.0,0.005190311418685121,0.0017301038062283738
70,Nico Hoerner,CHC,128,491,540,134,101,24,2,6,67,49,36,1,60,9,3,1,26,6,20,0.273,0.332096475,0.364562118,0.696658593,0.299065421,11.11111111,6.666666667,128,0.7890625,0.1875,0.015625,0.011111111111111112,0.12407407407407407,0.09074074074074075,0.001851851851851852,0.016666666666666666,0.005555555555555556,0.001851851851851852,0.04814814814814815,0.011111111111111112
124,Seiya Suzuki,CHC,135,511,582,134,84,26,3,21,75,74,61,3,146,5,5,0,13,5,8,0.263,0.343642612,0.4481409,0.791783512,0.323782235,25.08591065,10.48109966,113,0.7433628318584071,0.23008849557522124,0.02654867256637168,0.03608247422680412,0.12886597938144329,0.12714776632302405,0.005154639175257732,0.00859106529209622,0.00859106529209622,0.0,0.022336769759450172,0.00859106529209622
228,Andrew Vaughn,CHW,142,547,601,138,86,28,1,22,64,77,41,0,122,8,4,0,1,0,1,0.252,0.311666667,0.425959781,0.737626447,0.285012285,20.29950083,6.821963394,116,0.7413793103448276,0.2413793103448276,0.008620689655172414,0.036605657237936774,0.1064891846921797,0.1281198003327787,0.0,0.013311148086522463,0.0066555740432612314,0.0,0.0016638935108153079,0.0
269,Lenyn Sosa,CHW,103,383,407,94,64,18,1,11,39,43,17,1,86,3,2,2,3,1,2,0.245,0.281481481,0.38381201,0.665293492,0.288194444,21.13022113,4.176904177,83,0.7710843373493976,0.21686746987951808,0.012048192771084338,0.02702702702702703,0.09582309582309582,0.10565110565110565,0.002457002457002457,0.007371007371007371,0.004914004914004914,0.004914004914004914,0.007371007371007371,0.002457002457002457
88,Luis Robert Jr.,CHW,135,529,574,130,78,27,1,24,74,68,35,2,168,7,3,0,23,6,17,0.246,0.299651568,0.436672968,0.736324536,0.311764706,29.26829268,6.097560976,106,0.7358490566037735,0.25471698113207547,0.009433962264150943,0.041811846689895474,0.1289198606271777,0.11846689895470383,0.003484320557491289,0.012195121951219513,0.005226480836236934,0.0,0.04006968641114982,0.010452961672473868
313,Christian Encarnacion-Strand,CIN,95,362,393,93,57,18,1,17,47,57,23,1,105,5,3,0,2,1,1,0.257,0.307888041,0.453038674,0.760926715,0.312757202,26.71755725,5.852417303,76,0.75,0.23684210526315788,0.013157894736842105,0.043256997455470736,0.11959287531806616,0.1450381679389313,0.002544529262086514,0.01272264631043257,0.007633587786259542,0.0,0.005089058524173028,0.002544529262086514
19,Elly De La Cruz,CIN,150,580,648,147,85,31,7,24,97,77,59,2,198,5,3,1,54,12,42,0.254,0.326120556,0.455172414,0.78129297,0.340720222,30.55555556,9.104938272,123,0.6910569105691057,0.25203252032520324,0.056910569105691054,0.037037037037037035,0.14969135802469136,0.11882716049382716,0.0030864197530864196,0.007716049382716049,0.004629629629629629,0.0015432098765432098,0.08333333333333333,0.018518518518518517
256,Gavin Lux,CIN,107,371,415,94,63,19,3,10,52,44,40,1,90,2,3,1,5,2,3,0.254,0.326923077,0.404312668,0.731235745,0.306569343,21.68674699,9.638554217,84,0.75,0.2261904761904762,0.03571428571428571,0.024096385542168676,0.12530120481927712,0.10602409638554217,0.0024096385542168677,0.004819277108433735,0.007228915662650603,0.0024096385542168677,0.012048192771084338,0.004819277108433735
275,Jeimer Candelario,CIN,120,449,496,107,62,25,2,18,57,62,37,1,118,7,3,0,5,2,3,0.238,0.304435484,0.423162584,0.727598067,0.28164557,23.79032258,7.459677419,89,0.6966292134831461,0.2808988764044944,0.02247191011235955,0.036290322580645164,0.11491935483870967,0.125,0.0020161290322580645,0.014112903225806451,0.006048387096774193,0.0,0.010080645161290322,0.004032258064516129
65,Matt McLain,CIN,126,480,540,123,74,26,3,19,72,68,49,1,147,8,3,0,17,5,12,0.255,0.333333333,0.439583333,0.772916667,0.32807571,27.22222222,9.074074074,104,0.7115384615384616,0.25,0.028846153846153848,0.03518518518518519,0.13333333333333333,0.1259259259259259,0.001851851851851852,0.014814814814814815,0.005555555555555556,0.0,0.03148148148148148,0.009259259259259259
401,Noelvi Marte,CIN,53,191,207,46,32,9,0,5,23,22,12,0,52,2,1,0,7,2,5,0.241,0.291262136,0.366492147,0.657754283,0.303703704,25.12077295,5.797101449,41,0.7804878048780488,0.21951219512195122,0.0,0.024154589371980676,0.1111111111111111,0.10628019323671498,0.0,0.00966183574879227,0.004830917874396135,0.0,0.033816425120772944,0.00966183574879227
191,Spencer Steer,CIN,141,520,591,126,76,29,3,19,70,74,59,1,124,9,3,0,17,4,13,0.243,0.328257191,0.421153846,0.749411037,0.281578947,20.98138748,9.983079526,107,0.7102803738317757,0.27102803738317754,0.028037383177570093,0.032148900169204735,0.11844331641285956,0.12521150592216582,0.001692047377326565,0.015228426395939087,0.005076142131979695,0.0,0.028764805414551606,0.00676818950930626
155,TJ Friedl,CIN,120,444,504,108,72,18,4,15,62,58,41,0,83,11,4,4,16,4,12,0.244,0.32,0.405405405,0.725405405,0.265714286,16.46825397,8.134920635,93,0.7741935483870968,0.1935483870967742,0.043010752688172046,0.02976190476190476,0.12301587301587301,0.11507936507936507,0.0,0.021825396825396824,0.007936507936507936,0.007936507936507936,0.031746031746031744,0.007936507936507936
134,Tyler Stephenson,CIN,119,418,469,106,70,21,1,15,56,59,42,1,111,6,3,0,1,0,1,0.254,0.328358209,0.418660287,0.747018496,0.308474576,23.6673774,8.955223881,91,0.7692307692307693,0.23076923076923078,0.01098901098901099,0.031982942430703626,0.11940298507462686,0.1257995735607676,0.0021321961620469083,0.01279317697228145,0.006396588486140725,0.0,0.0021321961620469083,0.0
133,Bo Naylor,CLE,109,350,395,74,44,15,1,14,44,44,39,1,109,3,2,1,6,2,4,0.213,0.294416244,0.38,0.674416244,0.262008734,27.59493671,9.873417722,60,0.7333333333333333,0.25,0.016666666666666666,0.035443037974683546,0.11139240506329114,0.11139240506329114,0.002531645569620253,0.007594936708860759,0.005063291139240506,0.002531645569620253,0.015189873417721518,0.005063291139240506
404,David Fry,CLE,55,175,197,42,26,9,1,6,22,24,17,1,45,4,1,0,2,0,2,0.242,0.319796954,0.405714286,0.72551124,0.288,22.84263959,8.629441624,36,0.7222222222222222,0.25,0.027777777777777776,0.030456852791878174,0.1116751269035533,0.1218274111675127,0.005076142131979695,0.02030456852791878,0.005076142131979695,0.0,0.01015228426395939,0.0
7,Jose Ramirez,CLE,153,590,662,161,93,36,3,29,94,98,63,10,78,3,6,0,30,8,22,0.274,0.342900302,0.491525424,0.834425726,0.26993865,11.78247734,9.516616314,132,0.7045454545454546,0.2727272727272727,0.022727272727272728,0.04380664652567976,0.1419939577039275,0.14803625377643503,0.015105740181268883,0.004531722054380665,0.00906344410876133,0.0,0.045317220543806644,0.012084592145015106
243,Kyle Manzardo,CLE,113,391,445,92,52,23,1,17,52,54,44,1,100,4,4,0,1,1,0,0.235,0.316027088,0.432225064,0.748252152,0.269784173,22.47191011,9.887640449,75,0.6933333333333334,0.30666666666666664,0.013333333333333334,0.038202247191011236,0.11685393258426967,0.12134831460674157,0.0022471910112359553,0.008988764044943821,0.008988764044943821,0.0,0.0022471910112359553,0.0022471910112359553
130,Lane Thomas,CLE,134,510,567,124,77,27,3,17,72,64,45,0,144,7,5,0,24,8,16,0.242,0.310405644,0.407843137,0.718248781,0.302259887,25.3968254,7.936507937,107,0.719626168224299,0.2523364485981308,0.028037383177570093,0.029982363315696647,0.12698412698412698,0.1128747795414462,0.0,0.012345679012345678,0.008818342151675485,0.0,0.042328042328042326,0.014109347442680775
50,Steven Kwan,CLE,146,567,640,157,117,26,5,9,84,55,62,1,62,5,4,2,17,4,13,0.276,0.351097179,0.388007055,0.739104233,0.296,9.6875,9.6875,148,0.7905405405405406,0.17567567567567569,0.033783783783783786,0.0140625,0.13125,0.0859375,0.0015625,0.0078125,0.00625,0.003125,0.0265625,0.00625
101,Brenton Doyle,COL,143,544,596,134,85,24,4,21,77,68,40,1,168,4,5,3,27,6,21,0.247,0.300168634,0.420955882,0.721124516,0.313888889,28.18791946,6.711409396,113,0.7522123893805309,0.21238938053097345,0.035398230088495575,0.03523489932885906,0.12919463087248323,0.11409395973154363,0.0016778523489932886,0.006711409395973154,0.008389261744966443,0.0050335570469798654,0.04530201342281879,0.010067114093959731
82,Ezequiel Tovar,COL,150,604,643,157,96,35,4,22,78,76,27,1,172,5,4,3,9,3,6,0.259,0.2953125,0.440397351,0.735709851,0.326086957,26.7496112,4.199066874,135,0.7111111111111111,0.25925925925925924,0.02962962962962963,0.03421461897356143,0.12130637636080871,0.1181959564541213,0.0015552099533437014,0.007776049766718507,0.006220839813374806,0.004665629860031105,0.013996889580093312,0.004665629860031105
384,Michael Toglia,COL,130,471,531,107,59,20,3,24,64,67,54,2,162,3,3,0,9,2,7,0.226,0.308851224,0.433121019,0.741972243,0.288194444,30.50847458,10.16949153,83,0.7108433734939759,0.24096385542168675,0.03614457831325301,0.04519774011299435,0.12052730696798493,0.12617702448210924,0.003766478342749529,0.005649717514124294,0.005649717514124294,0.0,0.01694915254237288,0.003766478342749529
246,Nolan Jones,COL,122,427,491,106,67,23,2,14,58,55,56,3,147,4,3,1,11,3,8,0.249,0.33877551,0.409836066,0.748611576,0.342007435,29.9389002,11.40529532,92,0.7282608695652174,0.25,0.021739130434782608,0.028513238289205704,0.11812627291242363,0.1120162932790224,0.006109979633401222,0.008146639511201629,0.006109979633401222,0.002036659877800407,0.02240325865580448,0.006109979633401222
145,Ryan McMahon,COL,146,548,620,131,83,27,1,20,71,70,65,3,179,3,4,0,5,3,2,0.239,0.320967742,0.401459854,0.722427596,0.314447592,28.87096774,10.48387097,111,0.7477477477477478,0.24324324324324326,0.009009009009009009,0.03225806451612903,0.11451612903225807,0.11290322580645161,0.004838709677419355,0.004838709677419355,0.0064516129032258064,0.0,0.008064516129032258,0.004838709677419355
168,Colt Keith,DET,131,476,523,124,82,23,3,15,60,61,40,2,106,3,4,0,5,1,4,0.26,0.319311663,0.413865546,0.73317721,0.30362117,20.26768642,7.648183556,109,0.7522935779816514,0.21100917431192662,0.027522935779816515,0.028680688336520075,0.1147227533460803,0.11663479923518165,0.0038240917782026767,0.0057361376673040155,0.0076481835564053535,0.0,0.009560229445506692,0.0019120458891013384
73,Gleyber Torres,DET,146,556,626,142,98,27,1,16,75,65,59,0,114,4,5,1,7,3,4,0.256,0.328525641,0.393884892,0.722410533,0.292343387,18.21086262,9.424920128,126,0.7777777777777778,0.21428571428571427,0.007936507936507936,0.025559105431309903,0.11980830670926518,0.10383386581469649,0.0,0.006389776357827476,0.007987220447284345,0.001597444089456869,0.011182108626198083,0.004792332268370607
211,Jace Jung,DET,97,309,354,68,44,15,1,8,37,36,40,1,94,3,2,0,2,1,1,0.222,0.313559322,0.352750809,0.666310131,0.28708134,26.55367232,11.29943503,60,0.7333333333333333,0.25,0.016666666666666666,0.022598870056497175,0.10451977401129943,0.1016949152542373,0.002824858757062147,0.00847457627118644,0.005649717514124294,0.0,0.005649717514124294,0.002824858757062147
167,Kerry Carpenter,DET,120,433,478,111,65,20,3,22,59,70,35,2,120,7,3,0,3,2,1,0.256,0.320083682,0.466512702,0.786596384,0.302721088,25.10460251,7.322175732,89,0.7303370786516854,0.2247191011235955,0.033707865168539325,0.04602510460251046,0.12343096234309624,0.14644351464435146,0.0041841004184100415,0.014644351464435146,0.006276150627615063,0.0,0.006276150627615063,0.0041841004184100415
94,Parker Meadows,DET,132,485,541,114,72,22,6,15,68,53,48,1,127,4,4,2,20,5,15,0.236,0.306839187,0.4,0.706839187,0.285302594,23.47504621,8.87245841,99,0.7272727272727273,0.2222222222222222,0.06060606060606061,0.027726432532347505,0.1256931608133087,0.09796672828096119,0.0018484288354898336,0.0073937153419593345,0.0073937153419593345,0.0036968576709796672,0.036968576709796676,0.009242144177449169
33,Riley Greene,DET,141,533,603,141,88,26,5,22,79,72,62,2,155,5,3,0,6,2,4,0.265,0.344941957,0.455909944,0.800851901,0.331476323,25.70480929,10.28192371,119,0.7394957983193278,0.2184873949579832,0.04201680672268908,0.03648424543946932,0.1310116086235489,0.11940298507462686,0.003316749585406302,0.008291873963515755,0.004975124378109453,0.0,0.009950248756218905,0.003316749585406302
376,Spencer Torkelson,DET,68,247,279,55,32,13,0,10,32,33,27,0,75,3,2,0,1,0,1,0.224,0.304659498,0.396761134,0.701420632,0.274390244,26.88172043,9.677419355,45,0.7111111111111111,0.28888888888888886,0.0,0.035842293906810034,0.11469534050179211,0.11827956989247312,0.0,0.010752688172043012,0.007168458781362007,0.0,0.0035842293906810036,0.0
231,Brendan Rodgers,HOU,82,326,353,81,56,16,1,9,39,38,22,0,81,3,2,1,1,0,1,0.25,0.300283286,0.389570552,0.689853838,0.302521008,22.94617564,6.232294618,72,0.7777777777777778,0.2222222222222222,0.013888888888888888,0.025495750708215296,0.11048158640226628,0.10764872521246459,0.0,0.0084985835694051,0.0056657223796034,0.0028328611898017,0.0028328611898017,0.0
62,Christian Walker,HOU,147,547,622,130,74,25,1,30,78,90,61,3,141,8,6,0,5,1,4,0.239,0.319935691,0.451553931,0.771489622,0.261780105,22.66881029,9.807073955,100,0.74,0.25,0.01,0.04823151125401929,0.12540192926045016,0.14469453376205788,0.00482315112540193,0.012861736334405145,0.00964630225080386,0.0,0.008038585209003215,0.001607717041800643
41,Isaac Paredes,HOU,141,510,593,121,74,24,1,22,71,76,65,1,99,14,4,0,1,1,0,0.237,0.337268128,0.417647059,0.754915187,0.251908397,16.69477234,10.96121417,99,0.7474747474747475,0.24242424242424243,0.010101010101010102,0.03709949409780776,0.11973018549747048,0.1281618887015177,0.0016863406408094434,0.023608768971332208,0.006745362563237774,0.0,0.0016863406408094434,0.0016863406408094434
53,Jeremy Pena,HOU,152,586,634,153,108,28,2,15,77,67,32,1,120,10,4,2,17,5,12,0.261,0.308544304,0.392491468,0.701035771,0.303296703,18.92744479,5.047318612,138,0.782608695652174,0.2028985507246377,0.014492753623188406,0.02365930599369085,0.12145110410094637,0.1056782334384858,0.0015772870662460567,0.015772870662460567,0.006309148264984227,0.0031545741324921135,0.026813880126182965,0.007886435331230283
47,Jose Altuve,HOU,143,570,632,154,104,29,1,19,87,66,52,1,108,7,2,1,17,5,12,0.27,0.337559429,0.422807018,0.760366447,0.303370787,17.08860759,8.227848101,135,0.7703703703703704,0.21481481481481482,0.007407407407407408,0.030063291139240507,0.13765822784810128,0.10443037974683544,0.0015822784810126582,0.011075949367088608,0.0031645569620253164,0.0015822784810126582,0.02689873417721519,0.007911392405063292
45,Yainer Diaz,HOU,134,509,541,142,94,26,2,20,64,74,24,1,97,4,5,0,1,0,1,0.279,0.313653137,0.455795678,0.769448814,0.307304786,17.9297597,4.436229205,122,0.7704918032786885,0.21311475409836064,0.01639344262295082,0.036968576709796676,0.11829944547134935,0.1367837338262477,0.0018484288354898336,0.0073937153419593345,0.009242144177449169,0.0,0.0018484288354898336,0.0
8,Yordan Alvarez,HOU,136,503,591,150,82,30,2,36,89,97,73,10,98,10,5,0,3,1,2,0.298,0.394247039,0.580516899,0.974763938,0.304812834,16.5820643,12.35194585,114,0.7192982456140351,0.2631578947368421,0.017543859649122806,0.06091370558375635,0.1505922165820643,0.16412859560067683,0.01692047377326565,0.01692047377326565,0.008460236886632826,0.0,0.005076142131979695,0.001692047377326565
2,Bobby Witt Jr.,KCR,153,606,668,178,105,35,8,30,105,96,49,5,109,6,6,1,33,10,23,0.294,0.349325337,0.52640264,0.875727978,0.312896406,16.31736527,7.335329341,148,0.7094594594594594,0.23648648648648649,0.05405405405405406,0.04491017964071856,0.15718562874251496,0.1437125748502994,0.0074850299401197605,0.008982035928143712,0.008982035928143712,0.0014970059880239522,0.04940119760479042,0.014970059880239521
136,Jonathan India,KCR,135,493,576,123,81,26,2,14,75,57,62,0,112,15,4,1,12,3,9,0.249,0.348432056,0.395537525,0.743969581,0.293800539,19.44444444,10.76388889,109,0.7431192660550459,0.23853211009174313,0.01834862385321101,0.024305555555555556,0.13020833333333334,0.09895833333333333,0.0,0.026041666666666668,0.006944444444444444,0.001736111111111111,0.020833333333333332,0.005208333333333333
140,Maikel Garcia,KCR,130,488,535,125,90,25,3,7,65,49,39,0,96,2,5,3,27,6,21,0.255,0.310861423,0.362704918,0.673566341,0.302564103,17.94392523,7.289719626,118,0.7627118644067796,0.211864406779661,0.025423728813559324,0.013084112149532711,0.12149532710280374,0.09158878504672897,0.0,0.003738317757009346,0.009345794392523364,0.005607476635514018,0.05046728971962617,0.011214953271028037
304,MJ Melendez,KCR,121,426,478,97,55,22,3,17,54,55,45,1,121,3,3,0,5,3,2,0.227,0.303983229,0.41314554,0.717128768,0.274914089,25.31380753,9.414225941,80,0.6875,0.275,0.0375,0.03556485355648536,0.11297071129707113,0.11506276150627615,0.0020920502092050207,0.006276150627615063,0.006276150627615063,0.0,0.010460251046025104,0.006276150627615063
120,Salvador Perez,KCR,143,539,585,138,88,24,1,24,62,86,31,5,127,10,5,0,0,0,0,0.255,0.305982906,0.435992579,0.741975485,0.290076336,21.70940171,5.299145299,114,0.7719298245614035,0.21052631578947367,0.008771929824561403,0.041025641025641026,0.10598290598290598,0.147008547008547,0.008547008547008548,0.017094017094017096,0.008547008547008548,0.0,0.0,0.0
110,Vinnie Pasquantino,KCR,139,530,596,141,85,32,2,22,71,84,53,2,78,5,6,1,2,0,2,0.266,0.335016835,0.458490566,0.793507401,0.27293578,13.08724832,8.89261745,119,0.7142857142857143,0.2689075630252101,0.01680672268907563,0.03691275167785235,0.11912751677852348,0.14093959731543623,0.003355704697986577,0.008389261744966443,0.010067114093959731,0.0016778523489932886,0.003355704697986577,0.0
158,Jo Adell,LAA,116,401,444,89,50,18,2,20,53,57,34,1,133,6,3,0,13,4,9,0.223,0.290540541,0.428927681,0.719468221,0.274900398,29.95495495,7.657657658,69,0.7246376811594203,0.2608695652173913,0.028985507246376812,0.04504504504504504,0.11936936936936937,0.12837837837837837,0.0022522522522522522,0.013513513513513514,0.006756756756756757,0.0,0.02927927927927928,0.009009009009009009
159,Jorge Soler,LAA,130,475,545,111,61,23,1,27,70,71,61,1,139,6,3,0,1,0,1,0.234,0.326605505,0.458947368,0.785552873,0.269230769,25.50458716,11.19266055,84,0.7261904761904762,0.27380952380952384,0.011904761904761904,0.04954128440366973,0.12844036697247707,0.13027522935779817,0.001834862385321101,0.011009174311926606,0.005504587155963303,0.0,0.001834862385321101,0.0
71,Logan O'Hoppe,LAA,126,447,497,108,66,18,1,22,60,63,39,0,131,7,2,1,3,2,1,0.241,0.311111111,0.431767338,0.742878449,0.290540541,26.35814889,7.847082495,86,0.7674418604651163,0.20930232558139536,0.011627906976744186,0.04426559356136821,0.12072434607645875,0.1267605633802817,0.0,0.014084507042253521,0.004024144869215292,0.002012072434607646,0.006036217303822937,0.004024144869215292
117,Luis Rengifo,LAA,131,496,541,129,91,21,3,14,66,56,35,0,89,6,3,1,21,6,15,0.26,0.314814815,0.399193548,0.714008363,0.29040404,16.45101664,6.469500924,115,0.7913043478260869,0.1826086956521739,0.02608695652173913,0.025878003696857672,0.12199630314232902,0.10351201478743069,0.0,0.011090573012939002,0.005545286506469501,0.0018484288354898336,0.038817005545286505,0.011090573012939002
43,Mike Trout,LAA,108,399,464,103,54,18,3,28,67,67,56,4,120,7,2,0,7,2,5,0.257,0.357758621,0.528822055,0.886580676,0.296442688,25.86206897,12.06896552,75,0.72,0.24,0.04,0.0603448275862069,0.14439655172413793,0.14439655172413793,0.008620689655172414,0.015086206896551725,0.004310344827586207,0.0,0.015086206896551725,0.004310344827586207
222,Nolan Schanuel,LAA,134,483,563,122,90,20,1,11,66,52,66,1,92,8,4,2,8,2,6,0.253,0.349376114,0.366459627,0.715835741,0.2890625,16.3410302,11.72291297,111,0.8108108108108109,0.18018018018018017,0.009009009009009009,0.019538188277087035,0.1172291296625222,0.09236234458259325,0.0017761989342806395,0.014209591474245116,0.007104795737122558,0.003552397868561279,0.014209591474245116,0.003552397868561279
74,Taylor Ward,LAA,148,562,639,141,88,27,1,24,81,74,63,0,147,8,6,1,7,2,5,0.251,0.331768388,0.428825623,0.760594011,0.294710327,23.00469484,9.85915493,117,0.7521367521367521,0.23076923076923078,0.008547008547008548,0.03755868544600939,0.1267605633802817,0.11580594679186229,0.0,0.012519561815336464,0.009389671361502348,0.001564945226917058,0.010954616588419406,0.003129890453834116
48,Zach Neto,LAA,125,456,510,114,69,25,1,19,64,61,34,1,115,15,3,2,21,6,15,0.249,0.320866142,0.434210526,0.755076668,0.292307692,22.54901961,6.666666667,95,0.7263157894736842,0.2631578947368421,0.010526315789473684,0.03725490196078431,0.12549019607843137,0.11960784313725491,0.00196078431372549,0.029411764705882353,0.0058823529411764705,0.00392156862745098,0.041176470588235294,0.011764705882352941
193,Andy Pages,LAD,79,286,320,70,41,16,1,12,43,39,26,1,78,5,2,0,2,1,1,0.245,0.31661442,0.433566434,0.750180854,0.292929293,24.375,8.125,58,0.7068965517241379,0.27586206896551724,0.017241379310344827,0.0375,0.134375,0.121875,0.003125,0.015625,0.00625,0.0,0.00625,0.003125
20,Freddie Freeman,LAD,149,562,651,163,104,34,2,23,94,89,75,9,104,9,5,0,11,3,8,0.29,0.379416283,0.480427046,0.859843329,0.318181818,15.97542243,11.52073733,140,0.7428571428571429,0.24285714285714285,0.014285714285714285,0.03533026113671275,0.1443932411674347,0.13671274961597543,0.013824884792626729,0.013824884792626729,0.007680491551459293,0.0,0.016897081413210446,0.004608294930875576
194,Hyeseong Kim,LAD,109,401,438,106,81,18,2,5,52,42,29,1,74,3,3,1,17,3,14,0.265,0.316513761,0.356608479,0.67312224,0.310769231,16.89497717,6.621004566,101,0.801980198019802,0.1782178217821782,0.019801980198019802,0.01141552511415525,0.1187214611872146,0.0958904109589041,0.00228310502283105,0.00684931506849315,0.00684931506849315,0.00228310502283105,0.03881278538812785,0.00684931506849315
79,Max Muncy,LAD,125,436,523,93,49,19,1,25,72,75,75,3,138,7,5,0,2,1,1,0.214,0.334608031,0.435779817,0.770387847,0.244604317,26.38623327,14.34034417,68,0.7205882352941176,0.27941176470588236,0.014705882352941176,0.04780114722753346,0.13766730401529637,0.14340344168260039,0.0057361376673040155,0.01338432122370937,0.009560229445506692,0.0,0.0038240917782026767,0.0019120458891013384
206,Michael Conforto,LAD,115,409,464,97,59,19,1,18,56,61,45,2,110,6,3,0,2,1,1,0.237,0.319654428,0.420537897,0.740192325,0.278169014,23.70689655,9.698275862,79,0.7468354430379747,0.24050632911392406,0.012658227848101266,0.03879310344827586,0.1206896551724138,0.1314655172413793,0.004310344827586207,0.01293103448275862,0.00646551724137931,0.0,0.004310344827586207,0.0021551724137931034
6,Mookie Betts,LAD,148,565,653,157,94,33,3,28,101,91,77,2,88,6,5,1,15,3,12,0.279,0.367534456,0.497345133,0.864879589,0.284140969,13.4762634,11.79173047,129,0.7286821705426356,0.2558139534883721,0.023255813953488372,0.042879019908116385,0.1546707503828484,0.13935681470137826,0.0030627871362940277,0.009188361408882083,0.007656967840735069,0.0015313935681470138,0.022970903522205207,0.004594180704441042
5,Shohei Ohtani,LAD,145,555,645,159,83,29,5,41,113,105,81,10,147,5,4,1,34,8,26,0.286,0.379844961,0.576576577,0.956421538,0.318059299,22.79069767,12.55813953,118,0.7033898305084746,0.2457627118644068,0.0423728813559322,0.06356589147286822,0.17519379844961241,0.16279069767441862,0.015503875968992248,0.007751937984496124,0.006201550387596899,0.0015503875968992248,0.05271317829457364,0.012403100775193798
95,Teoscar Hernandez,LAD,146,566,621,147,90,27,1,28,81,91,45,2,179,7,3,0,9,3,6,0.259,0.320450886,0.457597173,0.778048059,0.328729282,28.82447665,7.246376812,119,0.7563025210084033,0.226890756302521,0.008403361344537815,0.04508856682769726,0.13043478260869565,0.14653784219001612,0.00322061191626409,0.011272141706924315,0.004830917874396135,0.0,0.014492753623188406,0.004830917874396135
123,Tommy Edman,LAD,132,490,537,122,81,24,3,13,70,56,37,1,96,5,4,2,23,4,19,0.249,0.305970149,0.387755102,0.693725251,0.283116883,17.87709497,6.890130354,109,0.7431192660550459,0.22018348623853212,0.027522935779816515,0.024208566108007448,0.1303538175046555,0.1042830540037244,0.00186219739292365,0.00931098696461825,0.0074487895716946,0.0037243947858473,0.04283054003724395,0.0074487895716946
29,Will Smith,LAD,124,442,511,112,69,22,2,19,67,69,51,3,92,10,6,0,2,0,2,0.253,0.339882122,0.441176471,0.781058592,0.275964392,18.00391389,9.980430528,93,0.7419354838709677,0.23655913978494625,0.021505376344086023,0.03718199608610567,0.13111545988258316,0.1350293542074364,0.005870841487279843,0.019569471624266144,0.011741682974559686,0.0,0.003913894324853229,0.0
174,Connor Norby,MIA,133,496,547,120,75,26,2,17,68,60,42,0,153,4,4,1,9,3,6,0.241,0.304029304,0.405241935,0.70927124,0.312121212,27.97074954,7.678244973,103,0.7281553398058253,0.2524271844660194,0.019417475728155338,0.031078610603290677,0.12431444241316271,0.10968921389396709,0.0,0.007312614259597806,0.007312614259597806,0.0018281535648994515,0.016453382084095063,0.005484460694698354
405,Deyvison De Los Santos,MIA,97,373,398,92,61,16,1,15,43,50,20,2,107,3,2,1,1,1,0,0.247,0.288944724,0.418230563,0.707175287,0.304347826,26.88442211,5.025125628,77,0.7922077922077922,0.2077922077922078,0.012987012987012988,0.03768844221105527,0.10804020100502512,0.12562814070351758,0.005025125628140704,0.007537688442211055,0.005025125628140704,0.002512562814070352,0.002512562814070352,0.002512562814070352
183,Jesus Sanchez,MIA,129,465,515,116,72,23,2,19,59,64,43,2,133,4,2,1,10,2,8,0.249,0.317120623,0.430107527,0.747228149,0.307936508,25.82524272,8.349514563,97,0.7422680412371134,0.23711340206185566,0.020618556701030927,0.036893203883495145,0.1145631067961165,0.12427184466019417,0.003883495145631068,0.007766990291262136,0.003883495145631068,0.001941747572815534,0.019417475728155338,0.003883495145631068
72,Xavier Edwards,MIA,134,514,577,145,114,24,4,4,69,43,51,1,86,2,4,6,36,6,30,0.282,0.34676007,0.369649805,0.716409876,0.329439252,14.90467938,8.83882149,141,0.8085106382978723,0.1702127659574468,0.028368794326241134,0.006932409012131715,0.1195840554592721,0.07452339688041594,0.0017331022530329288,0.0034662045060658577,0.006932409012131715,0.010398613518197574,0.06239168110918544,0.010398613518197574
143,Brice Turang,MIL,141,515,571,127,93,23,3,8,65,51,47,1,104,2,4,3,37,6,31,0.246,0.309859155,0.349514563,0.659373718,0.292383292,18.21366025,8.23117338,119,0.7815126050420168,0.19327731092436976,0.025210084033613446,0.014010507880910683,0.1138353765323993,0.0893169877408056,0.0017513134851138354,0.0035026269702276708,0.0070052539404553416,0.005253940455341506,0.0647985989492119,0.010507880910683012
105,Christian Yelich,MIL,121,452,525,121,81,22,3,15,73,59,66,5,111,3,2,1,21,4,17,0.268,0.363288719,0.42920354,0.792492259,0.323170732,21.14285714,12.57142857,106,0.7641509433962265,0.20754716981132076,0.02830188679245283,0.02857142857142857,0.13904761904761906,0.11238095238095239,0.009523809523809525,0.005714285714285714,0.0038095238095238095,0.0019047619047619048,0.04,0.007619047619047619
154,Garrett Mitchell,MIL,116,399,452,96,62,18,3,13,57,49,44,0,138,4,2,2,20,5,15,0.239,0.320712695,0.398496241,0.719208935,0.332,30.53097345,9.734513274,83,0.7469879518072289,0.21686746987951808,0.03614457831325301,0.028761061946902654,0.1261061946902655,0.1084070796460177,0.0,0.008849557522123894,0.004424778761061947,0.004424778761061947,0.04424778761061947,0.011061946902654867
58,Jackson Chourio,MIL,149,582,633,157,100,30,3,23,85,84,43,3,131,4,4,1,27,7,20,0.269,0.322274882,0.448453608,0.77072849,0.310185185,20.69510269,6.793048973,134,0.746268656716418,0.22388059701492538,0.022388059701492536,0.036334913112164295,0.13428120063191154,0.13270142180094788,0.004739336492890996,0.00631911532385466,0.00631911532385466,0.001579778830963665,0.04265402843601896,0.011058451816745656
129,Joey Ortiz,MIL,141,493,552,122,80,26,4,12,63,61,47,0,112,5,5,2,11,4,7,0.248,0.316363636,0.389452333,0.705815969,0.294117647,20.28985507,8.514492754,110,0.7272727272727273,0.23636363636363636,0.03636363636363636,0.021739130434782608,0.11413043478260869,0.1105072463768116,0.0,0.009057971014492754,0.009057971014492754,0.0036231884057971015,0.019927536231884056,0.007246376811594203
280,Rhys Hoskins,MIL,130,469,537,103,57,20,1,25,63,76,57,1,148,7,4,0,3,1,2,0.219,0.310986965,0.426439232,0.737426197,0.26,27.56052142,10.61452514,78,0.7307692307692307,0.2564102564102564,0.01282051282051282,0.04655493482309125,0.11731843575418995,0.14152700186219738,0.00186219739292365,0.01303538175046555,0.0074487895716946,0.0,0.00558659217877095,0.00186219739292365
16,William Contreras,MIL,148,546,620,147,94,29,1,23,81,83,66,3,131,4,3,0,7,2,5,0.27,0.350565428,0.452380952,0.80294638,0.313924051,21.12903226,10.64516129,124,0.7580645161290323,0.23387096774193547,0.008064516129032258,0.037096774193548385,0.13064516129032258,0.1338709677419355,0.004838709677419355,0.0064516129032258064,0.004838709677419355,0.0,0.01129032258064516,0.0032258064516129032
215,Brooks Lee,MIN,108,393,427,96,65,21,1,9,44,48,29,2,70,2,3,1,5,1,4,0.243,0.297423888,0.371501272,0.66892516,0.27444795,16.39344262,6.791569087,87,0.7471264367816092,0.2413793103448276,0.011494252873563218,0.02107728337236534,0.10304449648711944,0.11241217798594848,0.00468384074941452,0.00468384074941452,0.00702576112412178,0.00234192037470726,0.0117096018735363,0.00234192037470726
107,Byron Buxton,MIN,105,393,436,95,48,23,2,22,61,61,32,1,121,8,3,0,8,2,6,0.241,0.309633028,0.478371501,0.788004529,0.288537549,27.75229358,7.339449541,73,0.6575342465753424,0.3150684931506849,0.0273972602739726,0.05045871559633028,0.13990825688073394,0.13990825688073394,0.0022935779816513763,0.01834862385321101,0.006880733944954129,0.0,0.01834862385321101,0.0045871559633027525
36,Carlos Correa,MIN,120,453,516,121,77,24,2,18,66,64,55,3,98,4,4,0,0,0,0,0.266,0.348837209,0.44812362,0.79696083,0.302052786,18.99224806,10.65891473,103,0.7475728155339806,0.23300970873786409,0.019417475728155338,0.03488372093023256,0.12790697674418605,0.12403100775193798,0.005813953488372093,0.007751937984496124,0.007751937984496124,0.0,0.0,0.0
216,Edouard Julien,MIN,89,296,345,67,44,13,1,9,42,31,44,1,111,3,2,1,5,1,4,0.227,0.330434783,0.368243243,0.698678026,0.325842697,32.17391304,12.75362319,58,0.7586206896551724,0.22413793103448276,0.017241379310344827,0.02608695652173913,0.12173913043478261,0.08985507246376812,0.002898550724637681,0.008695652173913044,0.005797101449275362,0.002898550724637681,0.014492753623188406,0.002898550724637681
81,Matt Wallner,MIN,128,438,508,103,54,23,2,24,62,68,53,2,173,15,2,0,4,1,3,0.236,0.336614173,0.461187215,0.797801388,0.325102881,34.05511811,10.43307087,79,0.6835443037974683,0.2911392405063291,0.02531645569620253,0.047244094488188976,0.1220472440944882,0.13385826771653545,0.003937007874015748,0.02952755905511811,0.003937007874015748,0.0,0.007874015748031496,0.001968503937007874
60,Royce Lewis,MIN,121,454,501,114,67,23,1,23,64,71,41,1,116,3,4,0,5,2,3,0.251,0.314741036,0.45814978,0.772890816,0.285266458,23.15369261,8.183632735,91,0.7362637362637363,0.25274725274725274,0.01098901098901099,0.04590818363273453,0.1277445109780439,0.14171656686626746,0.001996007984031936,0.005988023952095809,0.007984031936127744,0.0,0.00998003992015968,0.003992015968063872
115,Ryan Jeffers,MIN,106,362,409,85,50,17,1,17,49,51,33,0,94,10,3,2,3,1,2,0.234,0.31372549,0.428176796,0.741902286,0.267716535,22.98288509,8.068459658,68,0.7352941176470589,0.25,0.014705882352941176,0.04156479217603912,0.1198044009779951,0.12469437652811736,0.0,0.02444987775061125,0.007334963325183374,0.004889975550122249,0.007334963325183374,0.0024449877750611247
175,Trevor Larnach,MIN,117,416,473,101,62,20,1,18,60,59,50,2,124,4,4,0,4,1,3,0.244,0.327004219,0.425480769,0.752484989,0.298561151,26.21564482,10.57082452,83,0.7469879518072289,0.24096385542168675,0.012048192771084338,0.03805496828752643,0.12684989429175475,0.12473572938689217,0.004228329809725159,0.008456659619450317,0.008456659619450317,0.0,0.008456659619450317,0.0021141649048625794
170,Willi Castro,MIN,132,487,547,119,80,24,4,11,71,51,40,1,128,14,4,2,18,6,12,0.244,0.317431193,0.377823409,0.695254601,0.306818182,23.40036563,7.31261426,108,0.7407407407407407,0.2222222222222222,0.037037037037037035,0.02010968921389397,0.12979890310786105,0.09323583180987204,0.0018281535648994515,0.025594149908592323,0.007312614259597806,0.003656307129798903,0.03290676416819013,0.010968921389396709
85,Brandon Nimmo,NYM,139,521,603,128,82,25,4,18,78,68,67,1,133,10,3,1,8,2,6,0.247,0.34109817,0.414587332,0.755685502,0.294906166,22.05638474,11.11111111,110,0.7454545454545455,0.22727272727272727,0.03636363636363636,0.029850746268656716,0.12935323383084577,0.11276948590381426,0.001658374792703151,0.01658374792703151,0.004975124378109453,0.001658374792703151,0.013266998341625208,0.003316749585406302
77,Francisco Alvarez,NYM,123,414,465,97,58,17,1,21,56,63,43,1,115,5,3,0,2,1,1,0.233,0.311827957,0.43236715,0.744195107,0.270462633,24.7311828,9.247311828,76,0.7631578947368421,0.2236842105263158,0.013157894736842105,0.04516129032258064,0.12043010752688173,0.13548387096774195,0.002150537634408602,0.010752688172043012,0.0064516129032258064,0.0,0.004301075268817204,0.002150537634408602
10,Francisco Lindor,NYM,153,596,671,153,92,30,2,28,98,87,59,1,127,10,5,1,24,6,18,0.257,0.331343284,0.453020134,0.784363418,0.280269058,18.92697466,8.792846498,125,0.736,0.24,0.016,0.041728763040238454,0.14605067064083457,0.12965722801788376,0.0014903129657228018,0.014903129657228018,0.007451564828614009,0.0014903129657228018,0.03576751117734724,0.00894187779433681
185,Jeff McNeil,NYM,122,443,490,113,80,24,1,9,55,48,33,1,64,9,3,1,5,1,4,0.256,0.317622951,0.376975169,0.69459812,0.278820375,13.06122449,6.734693878,104,0.7692307692307693,0.23076923076923078,0.009615384615384616,0.018367346938775512,0.11224489795918367,0.09795918367346938,0.0020408163265306124,0.018367346938775512,0.006122448979591836,0.0020408163265306124,0.01020408163265306,0.0020408163265306124
337,Jesse Winker,NYM,103,346,408,81,54,15,1,10,48,43,53,1,86,6,2,1,6,2,4,0.234,0.343980344,0.367052023,0.711032367,0.281746032,21.07843137,12.99019608,71,0.7605633802816901,0.2112676056338028,0.014084507042253521,0.024509803921568627,0.11764705882352941,0.1053921568627451,0.0024509803921568627,0.014705882352941176,0.004901960784313725,0.0024509803921568627,0.014705882352941176,0.004901960784313725
4,Juan Soto,NYM,153,537,674,148,84,27,2,34,107,96,129,7,112,4,4,1,8,3,5,0.275,0.416913947,0.52141527,0.938329217,0.288607595,16.61721068,19.13946588,114,0.7368421052631579,0.23684210526315788,0.017543859649122806,0.050445103857566766,0.15875370919881307,0.142433234421365,0.010385756676557863,0.005934718100890208,0.005934718100890208,0.001483679525222552,0.011869436201780416,0.004451038575667656
89,Mark Vientos,NYM,145,551,606,133,78,25,1,29,71,86,45,1,178,5,5,0,1,0,1,0.242,0.301980198,0.448275862,0.75025606,0.297994269,29.37293729,7.425742574,104,0.75,0.2403846153846154,0.009615384615384616,0.04785478547854786,0.11716171617161716,0.1419141914191419,0.0016501650165016502,0.00825082508250825,0.00825082508250825,0.0,0.0016501650165016502,0.0
76,Pete Alonso,NYM,153,574,658,138,77,25,1,36,88,101,66,5,153,13,5,0,4,1,3,0.241,0.329787234,0.477351916,0.80713915,0.261538462,23.25227964,10.03039514,102,0.7549019607843137,0.24509803921568626,0.00980392156862745,0.0547112462006079,0.1337386018237082,0.1534954407294833,0.007598784194528876,0.019756838905775075,0.007598784194528876,0.0,0.0060790273556231,0.001519756838905775
1,Aaron Judge,NYY,146,516,638,146,75,25,1,46,104,115,112,10,163,6,4,0,8,2,6,0.283,0.413793103,0.604651163,1.018444266,0.321543408,25.54858934,17.55485893,100,0.75,0.25,0.01,0.07210031347962383,0.16300940438871472,0.18025078369905956,0.01567398119122257,0.009404388714733543,0.006269592476489028,0.0,0.012539184952978056,0.003134796238244514
61,Anthony Volpe,NYY,146,558,615,132,85,28,4,14,77,59,45,1,141,6,4,2,26,6,20,0.237,0.298531811,0.374551971,0.673083782,0.28992629,22.92682927,7.317073171,118,0.7203389830508474,0.23728813559322035,0.03389830508474576,0.022764227642276424,0.12520325203252033,0.0959349593495935,0.0016260162601626016,0.00975609756097561,0.0065040650406504065,0.0032520325203252032,0.04227642276422764,0.00975609756097561
59,Austin Wells,NYY,122,411,467,95,56,20,1,18,50,59,46,1,106,5,4,1,3,1,2,0.232,0.313304721,0.416058394,0.729363115,0.264604811,22.69807281,9.850107066,77,0.7272727272727273,0.2597402597402597,0.012987012987012988,0.03854389721627409,0.10706638115631692,0.12633832976445397,0.0021413276231263384,0.010706638115631691,0.008565310492505354,0.0021413276231263384,0.006423982869379015,0.0021413276231263384
104,Cody Bellinger,NYY,133,513,568,130,82,25,2,21,73,75,45,4,98,4,7,0,12,3,9,0.253,0.314586995,0.432748538,0.747335533,0.271820449,17.25352113,7.922535211,109,0.7522935779816514,0.22935779816513763,0.01834862385321101,0.03697183098591549,0.12852112676056338,0.13204225352112675,0.007042253521126761,0.007042253521126761,0.01232394366197183,0.0,0.02112676056338028,0.00528169014084507
278,Giancarlo Stanton,NYY,110,409,457,91,49,15,0,27,53,70,42,2,137,3,2,0,0,0,0,0.223,0.298245614,0.457212714,0.755458328,0.259109312,29.97811816,9.190371991,64,0.765625,0.234375,0.0,0.05908096280087528,0.11597374179431072,0.15317286652078774,0.00437636761487965,0.006564551422319475,0.00437636761487965,0.0,0.0,0.0
190,Jasson Dominguez,NYY,130,466,522,113,75,20,2,16,68,60,50,1,131,2,3,1,22,4,18,0.243,0.316698656,0.396995708,0.713694365,0.301242236,25.09578544,9.578544061,97,0.7731958762886598,0.20618556701030927,0.020618556701030927,0.03065134099616858,0.13026819923371646,0.11494252873563218,0.0019157088122605363,0.0038314176245210726,0.005747126436781609,0.0019157088122605363,0.0421455938697318,0.007662835249042145
39,Jazz Chisholm Jr.,NYY,142,544,604,134,82,22,3,27,83,76,51,3,154,5,4,1,38,9,29,0.247,0.314569536,0.446691176,0.761260713,0.291553134,25.49668874,8.443708609,107,0.7663551401869159,0.205607476635514,0.028037383177570093,0.04470198675496689,0.13741721854304637,0.12582781456953643,0.004966887417218543,0.008278145695364239,0.006622516556291391,0.0016556291390728477,0.06291390728476821,0.014900662251655629
156,Paul Goldschmidt,NYY,142,544,609,134,84,27,1,23,74,75,57,2,156,3,4,0,8,2,6,0.247,0.319078947,0.428308824,0.747387771,0.300813008,25.61576355,9.359605911,111,0.7567567567567568,0.24324324324324326,0.009009009009009009,0.03776683087027915,0.12151067323481117,0.12315270935960591,0.003284072249589491,0.0049261083743842365,0.006568144499178982,0.0,0.013136288998357963,0.003284072249589491
93,Alec Bohm,PHI,144,558,611,152,103,32,2,16,70,81,41,1,93,6,6,0,4,2,2,0.273,0.325695581,0.424731183,0.750426764,0.298901099,15.22094926,6.710310966,136,0.7573529411764706,0.23529411764705882,0.014705882352941176,0.02618657937806874,0.11456628477905073,0.132569558101473,0.0016366612111292963,0.009819967266775777,0.009819967266775777,0.0,0.006546644844517185,0.0032733224222585926
125,Brandon Marsh,PHI,127,433,491,106,68,20,4,14,60,55,50,1,153,3,4,1,16,3,13,0.245,0.324489796,0.406466513,0.730956309,0.340740741,31.16089613,10.18329939,92,0.7391304347826086,0.21739130434782608,0.043478260869565216,0.028513238289205704,0.12219959266802444,0.1120162932790224,0.002036659877800407,0.006109979633401222,0.008146639511201629,0.002036659877800407,0.032586558044806514,0.006109979633401222
27,Bryce Harper,PHI,143,533,622,148,86,34,1,27,88,88,80,10,134,4,5,1,9,4,5,0.277,0.372990354,0.497185741,0.870176095,0.320954907,21.54340836,12.86173633,121,0.7107438016528925,0.2809917355371901,0.008264462809917356,0.04340836012861737,0.1414790996784566,0.1414790996784566,0.01607717041800643,0.006430868167202572,0.008038585209003215,0.001607717041800643,0.014469453376205787,0.006430868167202572
92,Bryson Stott,PHI,146,534,592,136,96,25,3,12,70,59,48,1,100,4,6,1,28,5,23,0.255,0.317567568,0.380149813,0.69771738,0.289719626,16.89189189,8.108108108,124,0.7741935483870968,0.20161290322580644,0.024193548387096774,0.02027027027027027,0.11824324324324324,0.09966216216216216,0.0016891891891891893,0.006756756756756757,0.010135135135135136,0.0016891891891891893,0.0472972972972973,0.008445945945945946
64,J.T. Realmuto,PHI,114,410,452,103,65,20,2,16,56,56,32,1,111,7,3,0,7,3,4,0.251,0.314159292,0.426829268,0.74098856,0.304195804,24.55752212,7.079646018,87,0.7471264367816092,0.22988505747126436,0.022988505747126436,0.035398230088495575,0.12389380530973451,0.12389380530973451,0.0022123893805309734,0.015486725663716814,0.00663716814159292,0.0,0.015486725663716814,0.00663716814159292
106,Kyle Schwarber,PHI,149,551,660,122,64,20,1,37,97,94,99,4,191,6,4,1,4,2,2,0.222,0.343939394,0.462794918,0.806734312,0.259938838,28.93939394,15.0,85,0.7529411764705882,0.23529411764705882,0.011764705882352941,0.05606060606060606,0.14696969696969697,0.14242424242424243,0.006060606060606061,0.00909090909090909,0.006060606060606061,0.0015151515151515152,0.006060606060606061,0.0030303030303030303
247,Max Kepler,PHI,111,404,449,98,63,19,2,14,52,52,37,0,89,5,3,0,2,0,2,0.241,0.311804009,0.403465347,0.715269355,0.276315789,19.82182628,8.240534521,84,0.75,0.2261904761904762,0.023809523809523808,0.031180400890868598,0.11581291759465479,0.11581291759465479,0.0,0.011135857461024499,0.0066815144766146995,0.0,0.004454342984409799,0.0
351,Nick Castellanos,PHI,148,574,621,146,93,30,2,21,73,82,37,1,144,6,4,0,6,2,4,0.254,0.304347826,0.423344948,0.727692774,0.302663438,23.1884058,5.958132045,125,0.744,0.24,0.016,0.033816425120772944,0.11755233494363929,0.1320450885668277,0.001610305958132045,0.00966183574879227,0.00644122383252818,0.0,0.00966183574879227,0.00322061191626409
25,Trea Turner,PHI,146,587,635,163,108,31,2,21,91,76,38,0,122,6,3,1,23,4,19,0.277,0.326498423,0.442930153,0.769428576,0.317673378,19.21259843,5.984251969,142,0.7605633802816901,0.21830985915492956,0.014084507042253521,0.03307086614173228,0.14330708661417324,0.11968503937007874,0.0,0.009448818897637795,0.004724409448818898,0.0015748031496062992,0.03622047244094488,0.006299212598425197
100,Bryan Reynolds,PIT,147,573,642,151,98,28,4,22,79,79,56,3,142,9,4,1,9,2,7,0.264,0.336448598,0.443280977,0.779729575,0.312348668,22.11838006,8.722741433,129,0.7596899224806202,0.21705426356589147,0.031007751937984496,0.03426791277258567,0.12305295950155763,0.12305295950155763,0.004672897196261682,0.014018691588785047,0.006230529595015576,0.001557632398753894,0.014018691588785047,0.003115264797507788
310,Endy Rodriguez,PIT,69,245,270,59,38,14,2,6,31,28,21,0,55,2,2,0,1,0,1,0.242,0.303703704,0.391836735,0.695540438,0.284946237,20.37037037,7.777777778,53,0.7169811320754716,0.2641509433962264,0.03773584905660377,0.022222222222222223,0.11481481481481481,0.1037037037037037,0.0,0.007407407407407408,0.007407407407407408,0.0,0.003703703703703704,0.0
188,Joey Bart,PIT,97,328,366,78,52,14,0,12,41,45,28,0,102,7,2,0,1,0,1,0.237,0.309589041,0.390243902,0.699832944,0.305555556,27.86885246,7.650273224,66,0.7878787878787878,0.21212121212121213,0.0,0.03278688524590164,0.11202185792349727,0.12295081967213115,0.0,0.01912568306010929,0.00546448087431694,0.0,0.00273224043715847,0.0
163,Ke'Bryan Hayes,PIT,125,479,521,120,85,23,3,10,56,50,34,1,101,3,4,0,14,4,10,0.251,0.301923077,0.375782881,0.677705958,0.295698925,19.38579655,6.525911708,110,0.7727272727272727,0.20909090909090908,0.02727272727272727,0.019193857965451054,0.10748560460652591,0.09596928982725528,0.0019193857965451055,0.005758157389635317,0.007677543186180422,0.0,0.026871401151631478,0.007677543186180422
56,Oneil Cruz,PIT,142,541,602,136,79,29,3,25,78,80,53,3,176,4,4,0,22,4,18,0.251,0.320598007,0.454713494,0.7753115,0.322674419,29.2358804,8.803986711,111,0.7117117117117117,0.26126126126126126,0.02702702702702703,0.04152823920265781,0.12956810631229235,0.132890365448505,0.0049833887043189366,0.006644518272425249,0.006644518272425249,0.0,0.036544850498338874,0.006644518272425249
199,Spencer Horwitz,PIT,103,368,424,96,63,22,1,10,48,46,48,2,80,6,3,0,2,1,1,0.262,0.352941176,0.407608696,0.760549872,0.306049822,18.86792453,11.32075472,86,0.7325581395348837,0.2558139534883721,0.011627906976744186,0.02358490566037736,0.11320754716981132,0.10849056603773585,0.0047169811320754715,0.014150943396226415,0.007075471698113208,0.0,0.0047169811320754715,0.0023584905660377358
15,Fernando Tatis Jr.,SDP,145,566,629,154,89,31,2,32,95,88,53,1,138,7,3,1,20,5,15,0.272,0.340222576,0.503533569,0.843756144,0.305764411,21.93958665,8.426073132,122,0.7295081967213115,0.2540983606557377,0.01639344262295082,0.05087440381558029,0.151033386327504,0.13990461049284578,0.001589825119236884,0.011128775834658187,0.0047694753577106515,0.001589825119236884,0.03179650238473768,0.00794912559618442
18,Jackson Merrill,SDP,151,582,629,161,100,31,5,25,79,87,36,2,104,2,5,3,16,4,12,0.277,0.3184,0.475945017,0.794345017,0.296943231,16.53418124,5.723370429,136,0.7352941176470589,0.22794117647058823,0.03676470588235294,0.0397456279809221,0.12559618441971382,0.1383147853736089,0.003179650238473768,0.003179650238473768,0.00794912559618442,0.0047694753577106515,0.025437201907790145,0.006359300476947536
131,Jake Cronenworth,SDP,143,529,600,127,81,27,4,15,69,67,55,1,111,11,5,1,5,1,4,0.24,0.321666667,0.391304348,0.712971014,0.274509804,18.5,9.166666667,112,0.7232142857142857,0.24107142857142858,0.03571428571428571,0.025,0.115,0.11166666666666666,0.0016666666666666668,0.018333333333333333,0.008333333333333333,0.0016666666666666668,0.008333333333333333,0.0016666666666666668
149,Luis Arraez,SDP,146,593,640,181,142,31,3,5,77,58,36,5,34,6,3,2,7,3,4,0.305,0.349529781,0.392917369,0.74244715,0.315978456,5.3125,5.625,176,0.8068181818181818,0.17613636363636365,0.017045454545454544,0.0078125,0.1203125,0.090625,0.0078125,0.009375,0.0046875,0.003125,0.0109375,0.0046875
229,Luis Campusano,SDP,83,282,306,70,48,12,1,9,34,37,18,0,48,3,2,0,0,0,0,0.248,0.298360656,0.393617021,0.691977677,0.268722467,15.68627451,5.882352941,61,0.7868852459016393,0.19672131147540983,0.01639344262295082,0.029411764705882353,0.1111111111111111,0.12091503267973856,0.0,0.00980392156862745,0.006535947712418301,0.0,0.0,0.0
37,Manny Machado,SDP,148,575,631,152,94,27,1,29,80,95,50,4,122,2,5,0,8,2,6,0.264,0.32278481,0.464347826,0.787132636,0.286713287,19.33438986,7.923930269,123,0.7642276422764228,0.21951219512195122,0.008130081300813009,0.04595879556259905,0.12678288431061807,0.15055467511885895,0.006339144215530904,0.003169572107765452,0.00792393026941363,0.0,0.012678288431061807,0.003169572107765452
51,Xander Bogaerts,SDP,144,545,602,144,101,26,1,16,71,64,46,0,105,5,6,0,13,3,10,0.265,0.323920266,0.403669725,0.727589991,0.297674419,17.44186047,7.641196013,128,0.7890625,0.203125,0.0078125,0.026578073089700997,0.11794019933554817,0.10631229235880399,0.0,0.008305647840531562,0.009966777408637873,0.0,0.02159468438538206,0.0049833887043189366
23,Cal Raleigh,SEA,142,507,573,111,59,22,1,29,68,83,57,2,158,4,4,0,3,1,2,0.219,0.300699301,0.437869822,0.738569123,0.25308642,27.57417103,9.947643979,82,0.7195121951219512,0.2682926829268293,0.012195121951219513,0.0506108202443281,0.11867364746945899,0.14485165794066318,0.0034904013961605585,0.006980802792321117,0.006980802792321117,0.0,0.005235602094240838,0.0017452006980802793
402,Dominic Canzone,SEA,33,108,118,24,15,5,0,4,13,14,9,0,28,0,0,0,1,0,1,0.225,0.282051282,0.37962963,0.661680912,0.263157895,23.72881356,7.627118644,20,0.75,0.25,0.0,0.03389830508474576,0.11016949152542373,0.11864406779661017,0.0,0.0,0.0,0.0,0.00847457627118644,0.0
75,J.P. Crawford,SEA,132,479,555,113,77,23,1,11,64,51,64,1,110,6,3,2,4,1,3,0.235,0.331521739,0.354906054,0.686427793,0.282548476,19.81981982,11.53153153,102,0.7549019607843137,0.22549019607843138,0.00980392156862745,0.01981981981981982,0.11531531531531532,0.0918918918918919,0.0018018018018018018,0.010810810810810811,0.005405405405405406,0.0036036036036036037,0.007207207207207207,0.0018018018018018018
164,Jorge Polanco,SEA,115,417,471,92,59,17,0,16,49,54,47,2,127,3,3,0,4,1,3,0.222,0.30212766,0.376498801,0.678626461,0.274368231,26.96390658,9.978768577,76,0.7763157894736842,0.2236842105263158,0.0,0.03397027600849257,0.1040339702760085,0.11464968152866242,0.004246284501061571,0.006369426751592357,0.006369426751592357,0.0,0.008492569002123142,0.0021231422505307855
9,Julio Rodriguez,SEA,147,584,641,160,103,28,2,27,89,84,45,3,153,8,3,0,27,7,20,0.274,0.3328125,0.467465753,0.800278253,0.326781327,23.86895476,7.020280811,133,0.7744360902255639,0.21052631578947367,0.015037593984962405,0.0421216848673947,0.13884555382215288,0.1310452418096724,0.0046801872074883,0.0124804992199688,0.0046801872074883,0.0,0.0421216848673947,0.0109204368174727
195,Luke Raley,SEA,119,405,454,93,55,17,2,19,56,56,31,0,138,14,3,1,11,2,9,0.229,0.304635762,0.422222222,0.726857984,0.294820717,30.39647577,6.828193833,74,0.7432432432432432,0.22972972972972974,0.02702702702702703,0.04185022026431718,0.12334801762114538,0.12334801762114538,0.0,0.030837004405286344,0.006607929515418502,0.0022026431718061676,0.024229074889867842,0.004405286343612335
86,Randy Arozarena,SEA,146,535,620,127,78,26,1,21,79,70,65,0,157,16,4,0,21,8,13,0.237,0.335483871,0.405607477,0.741091348,0.293628809,25.32258065,10.48387097,106,0.7358490566037735,0.24528301886792453,0.009433962264150943,0.03387096774193549,0.12741935483870967,0.11290322580645161,0.0,0.025806451612903226,0.0064516129032258064,0.0,0.03387096774193549,0.012903225806451613
126,Victor Robles,SEA,129,441,504,111,79,22,2,8,63,41,38,0,102,13,3,9,38,6,32,0.252,0.327272727,0.365079365,0.692352092,0.308383234,20.23809524,7.53968254,103,0.7669902912621359,0.21359223300970873,0.019417475728155338,0.015873015873015872,0.125,0.08134920634920635,0.0,0.025793650793650792,0.005952380952380952,0.017857142857142856,0.07539682539682539,0.011904761904761904
162,Heliot Ramos,SFG,135,516,566,130,82,24,3,21,66,69,42,1,150,5,3,1,7,3,4,0.251,0.312720848,0.432170543,0.744891391,0.313218391,26.50176678,7.4204947,109,0.7522935779816514,0.22018348623853212,0.027522935779816515,0.037102473498233215,0.1166077738515901,0.12190812720848057,0.0017667844522968198,0.0088339222614841,0.00530035335689046,0.0017667844522968198,0.012367491166077738,0.00530035335689046
83,Jung Hoo Lee,SFG,121,472,520,133,91,30,3,9,64,52,39,2,47,4,3,1,8,3,5,0.281,0.33976834,0.415254237,0.755022577,0.295942721,9.038461538,7.5,124,0.7338709677419355,0.24193548387096775,0.024193548387096774,0.01730769230769231,0.12307692307692308,0.1,0.0038461538461538464,0.007692307692307693,0.0057692307692307696,0.0019230769230769232,0.015384615384615385,0.0057692307692307696
28,Matt Chapman,SFG,148,549,624,132,74,30,2,26,81,77,64,1,160,7,4,0,9,2,7,0.24,0.325320513,0.444444444,0.769764957,0.288828338,25.64102564,10.25641026,106,0.6981132075471698,0.2830188679245283,0.018867924528301886,0.041666666666666664,0.12980769230769232,0.1233974358974359,0.0016025641025641025,0.011217948717948718,0.00641025641025641,0.0,0.014423076923076924,0.003205128205128205
148,Tyler Fitzgerald,SFG,134,490,537,115,72,24,3,17,67,57,36,0,165,7,3,1,20,4,16,0.235,0.294776119,0.402040816,0.696816936,0.31511254,30.72625698,6.703910615,98,0.7346938775510204,0.24489795918367346,0.030612244897959183,0.03165735567970205,0.12476722532588454,0.10614525139664804,0.0,0.01303538175046555,0.00558659217877095,0.00186219739292365,0.037243947858473,0.0074487895716946
31,Willy Adames,SFG,150,571,642,137,81,31,1,25,81,83,63,2,157,3,4,0,13,3,10,0.24,0.316692668,0.430823117,0.747515785,0.284987277,24.45482866,9.813084112,112,0.7232142857142857,0.2767857142857143,0.008928571428571428,0.03894080996884735,0.1261682242990654,0.1292834890965732,0.003115264797507788,0.004672897196261682,0.006230529595015576,0.0,0.020249221183800622,0.004672897196261682
234,Alec Burleson,STL,118,446,485,118,81,21,1,15,57,61,31,0,66,4,4,1,6,2,4,0.266,0.315463918,0.417040359,0.732504276,0.279132791,13.60824742,6.391752577,103,0.7864077669902912,0.20388349514563106,0.009708737864077669,0.030927835051546393,0.11752577319587629,0.12577319587628866,0.0,0.008247422680412371,0.008247422680412371,0.002061855670103093,0.012371134020618556,0.004123711340206186
111,Brendan Donovan,STL,135,505,570,138,98,26,2,12,67,61,49,1,76,12,4,1,6,2,4,0.273,0.349122807,0.403960396,0.753083203,0.299287411,13.33333333,8.596491228,126,0.7777777777777778,0.20634920634920634,0.015873015873015872,0.021052631578947368,0.11754385964912281,0.10701754385964912,0.0017543859649122807,0.021052631578947368,0.007017543859649123,0.0017543859649122807,0.010526315789473684,0.0035087719298245615
97,Ivan Herrera,STL,97,320,368,83,57,16,1,9,44,39,39,0,78,5,3,1,5,1,4,0.26,0.346049046,0.4,0.746049046,0.313559322,21.19565217,10.59782609,74,0.7702702702702703,0.21621621621621623,0.013513513513513514,0.024456521739130436,0.11956521739130435,0.10597826086956522,0.0,0.01358695652173913,0.008152173913043478,0.002717391304347826,0.01358695652173913,0.002717391304347826
226,Jordan Walker,STL,129,470,517,118,75,25,2,15,56,59,37,0,122,6,4,0,6,2,4,0.25,0.311411992,0.406382979,0.717794971,0.305637982,23.59767892,7.156673114,103,0.7281553398058253,0.24271844660194175,0.019417475728155338,0.029013539651837523,0.10831721470019343,0.11411992263056092,0.0,0.01160541586073501,0.007736943907156673,0.0,0.01160541586073501,0.0038684719535783366
91,Lars Nootbaar,STL,122,426,497,105,65,21,2,17,61,55,64,2,100,2,4,1,9,2,7,0.247,0.344758065,0.424882629,0.769640694,0.28115016,20.12072435,12.87726358,88,0.7386363636363636,0.23863636363636365,0.022727272727272728,0.03420523138832998,0.1227364185110664,0.11066398390342053,0.004024144869215292,0.004024144869215292,0.008048289738430584,0.002012072434607646,0.018108651911468814,0.004024144869215292
54,Masyn Winn,STL,143,561,615,144,98,28,4,13,79,60,42,0,108,3,5,3,14,4,10,0.256,0.309328969,0.3885918,0.697920769,0.294382022,17.56097561,6.829268293,131,0.7480916030534351,0.21374045801526717,0.030534351145038167,0.02113821138211382,0.12845528455284552,0.0975609756097561,0.0,0.004878048780487805,0.008130081300813009,0.004878048780487805,0.022764227642276424,0.0065040650406504065
102,Nolan Arenado,STL,144,556,611,141,94,27,1,19,68,76,44,2,91,5,6,0,3,1,2,0.253,0.31096563,0.408273381,0.719239011,0.269911504,14.89361702,7.201309329,122,0.7704918032786885,0.22131147540983606,0.00819672131147541,0.031096563011456628,0.11129296235679215,0.12438625204582651,0.0032733224222585926,0.008183306055646482,0.009819967266775777,0.0,0.004909983633387889,0.0016366612111292963
232,Nolan Gorman,STL,89,317,353,69,39,13,0,17,42,48,31,1,117,2,2,0,4,1,3,0.218,0.289772727,0.41955836,0.709331087,0.281081081,33.14447592,8.781869688,52,0.75,0.25,0.0,0.04815864022662889,0.11898016997167139,0.1359773371104816,0.0028328611898017,0.0056657223796034,0.0056657223796034,0.0,0.0113314447592068,0.0028328611898017
116,Willson Contreras,STL,131,474,552,117,72,23,1,21,70,68,58,1,136,16,3,0,6,2,4,0.247,0.346642468,0.432489451,0.77913192,0.3,24.63768116,10.50724638,96,0.75,0.23958333333333334,0.010416666666666666,0.03804347826086957,0.12681159420289856,0.12318840579710146,0.0018115942028985507,0.028985507246376812,0.005434782608695652,0.0,0.010869565217391304,0.0036231884057971015
84,Brandon Lowe,TBR,115,428,483,101,57,20,2,22,63,66,46,1,125,6,3,0,6,1,5,0.237,0.316770186,0.446261682,0.763031869,0.278169014,25.87991718,9.523809524,79,0.7215189873417721,0.25316455696202533,0.02531645569620253,0.045548654244306416,0.13043478260869565,0.13664596273291926,0.002070393374741201,0.012422360248447204,0.006211180124223602,0.0,0.012422360248447204,0.002070393374741201
208,Christopher Morel,TBR,127,463,521,105,61,19,3,23,62,65,47,1,144,6,3,1,9,4,5,0.226,0.304431599,0.431965443,0.736397042,0.274247492,27.63915547,9.021113244,82,0.7439024390243902,0.23170731707317074,0.036585365853658534,0.044145873320537425,0.11900191938579655,0.12476007677543186,0.0019193857965451055,0.011516314779270634,0.005758157389635317,0.0019193857965451055,0.01727447216890595,0.007677543186180422
118,Ha-Seong Kim,TBR,110,397,455,96,65,18,2,10,53,44,49,2,81,3,3,3,20,5,15,0.241,0.327433628,0.370277078,0.697710706,0.278317152,17.8021978,10.76923077,86,0.7558139534883721,0.20930232558139536,0.023255813953488372,0.02197802197802198,0.11648351648351649,0.0967032967032967,0.004395604395604396,0.006593406593406593,0.006593406593406593,0.006593406593406593,0.04395604395604396,0.01098901098901099
207,Jonathan Aranda,TBR,105,352,401,88,55,17,1,15,51,48,40,1,101,6,3,0,1,0,1,0.25,0.334164589,0.431818182,0.76598277,0.305439331,25.18703242,9.975062344,73,0.7534246575342466,0.2328767123287671,0.0136986301369863,0.03740648379052369,0.12718204488778054,0.11970074812967581,0.0024937655860349127,0.014962593516209476,0.007481296758104738,0.0,0.0024937655860349127,0.0
250,Jose Caballero,TBR,84,279,313,62,41,13,1,6,37,28,23,0,80,8,2,1,26,7,19,0.221,0.298076923,0.336917563,0.634994486,0.287179487,25.55910543,7.348242812,56,0.7321428571428571,0.23214285714285715,0.017857142857142856,0.019169329073482427,0.1182108626198083,0.08945686900958466,0.0,0.025559105431309903,0.006389776357827476,0.003194888178913738,0.08306709265175719,0.022364217252396165
180,Josh Lowe,TBR,125,458,503,112,69,25,2,16,61,59,40,3,149,2,3,0,26,4,22,0.246,0.306163022,0.412663755,0.718826777,0.324324324,29.6222664,7.952286282,96,0.71875,0.2604166666666667,0.020833333333333332,0.03180914512922465,0.12127236580516898,0.1172962226640159,0.005964214711729622,0.003976143141153081,0.005964214711729622,0.0,0.05168986083499006,0.007952286282306162
99,Junior Caminero,TBR,131,515,558,135,89,22,2,22,65,75,35,2,117,4,3,0,4,2,2,0.262,0.312387792,0.440776699,0.753164491,0.298153034,20.96774194,6.272401434,113,0.7876106194690266,0.19469026548672566,0.017699115044247787,0.03942652329749104,0.11648745519713262,0.13440860215053763,0.0035842293906810036,0.007168458781362007,0.005376344086021506,0.0,0.007168458781362007,0.0035842293906810036
98,Yandy Diaz,TBR,141,543,613,154,108,29,1,16,72,68,61,1,91,6,3,1,1,1,0,0.283,0.360522023,0.429097606,0.789619629,0.314350797,14.84502447,9.951060359,138,0.782608695652174,0.21014492753623187,0.007246376811594203,0.026101141924959218,0.11745513866231648,0.11092985318107668,0.0016313213703099511,0.009787928221859706,0.004893964110929853,0.0016313213703099511,0.0016313213703099511,0.0016313213703099511
187,Adolis Garcia,TEX,143,549,607,127,76,25,1,25,76,84,47,1,169,6,5,0,11,3,8,0.232,0.296540362,0.41712204,0.713662403,0.283333333,27.84184514,7.742998353,102,0.7450980392156863,0.24509803921568626,0.00980392156862745,0.04118616144975288,0.12520593080724876,0.13838550247116968,0.0016474464579901153,0.009884678747940691,0.008237232289950576,0.0,0.018121911037891267,0.004942339373970346
11,Corey Seager,TEX,126,486,550,137,79,27,1,30,77,83,55,8,94,5,4,0,2,1,1,0.282,0.358181818,0.526748971,0.884930789,0.292349727,17.09090909,10.0,107,0.7383177570093458,0.2523364485981308,0.009345794392523364,0.05454545454545454,0.14,0.1509090909090909,0.014545454545454545,0.00909090909090909,0.007272727272727273,0.0,0.0036363636363636364,0.0018181818181818182
128,Evan Carter,TEX,113,391,448,95,59,20,4,13,58,48,48,2,111,5,3,1,11,3,8,0.242,0.331096197,0.416879795,0.747975992,0.303703704,24.77678571,10.71428571,82,0.7195121951219512,0.24390243902439024,0.04878048780487805,0.029017857142857144,0.12946428571428573,0.10714285714285714,0.004464285714285714,0.011160714285714286,0.006696428571428571,0.002232142857142857,0.024553571428571428,0.006696428571428571
139,Jake Burger,TEX,141,532,582,130,73,23,2,31,71,82,36,1,155,10,4,1,1,1,0,0.244,0.302405498,0.468045113,0.770450611,0.282857143,26.63230241,6.18556701,99,0.7373737373737373,0.23232323232323232,0.020202020202020204,0.05326460481099656,0.12199312714776632,0.140893470790378,0.001718213058419244,0.01718213058419244,0.006872852233676976,0.001718213058419244,0.001718213058419244,0.001718213058419244
144,Joc Pederson,TEX,110,366,429,91,52,16,2,21,57,59,49,3,101,10,3,0,4,2,2,0.247,0.35046729,0.475409836,0.825877126,0.28340081,23.54312354,11.42191142,70,0.7428571428571429,0.22857142857142856,0.02857142857142857,0.04895104895104895,0.13286713286713286,0.13752913752913754,0.006993006993006993,0.023310023310023312,0.006993006993006993,0.0,0.009324009324009324,0.004662004662004662
141,Josh Jung,TEX,122,469,504,116,73,21,2,19,59,62,27,0,139,5,3,0,5,1,4,0.247,0.293650794,0.420042644,0.713693438,0.308917197,27.57936508,5.357142857,97,0.7525773195876289,0.21649484536082475,0.020618556701030927,0.037698412698412696,0.11706349206349206,0.12301587301587301,0.0,0.00992063492063492,0.005952380952380952,0.0,0.00992063492063492,0.001984126984126984
32,Marcus Semien,TEX,149,590,656,146,93,29,3,21,92,73,58,1,101,4,3,1,10,3,7,0.247,0.317557252,0.413559322,0.731116574,0.265392781,15.39634146,8.841463415,125,0.744,0.232,0.024,0.03201219512195122,0.1402439024390244,0.11128048780487805,0.001524390243902439,0.006097560975609756,0.004573170731707317,0.001524390243902439,0.01524390243902439,0.004573170731707317
44,Wyatt Langford,TEX,142,536,602,140,86,29,4,21,81,76,57,2,121,5,4,0,19,4,15,0.261,0.335548173,0.447761194,0.783309367,0.298994975,20.09966777,9.468438538,119,0.7226890756302521,0.24369747899159663,0.03361344537815126,0.03488372093023256,0.1345514950166113,0.12624584717607973,0.0033222591362126247,0.008305647840531562,0.006644518272425249,0.0,0.03156146179401993,0.006644518272425249
78,Alejandro Kirk,TOR,108,366,414,94,67,18,0,9,38,48,39,1,51,4,4,0,0,0,0,0.258,0.331719128,0.379781421,0.711500549,0.274193548,12.31884058,9.420289855,85,0.788235294117647,0.21176470588235294,0.0,0.021739130434782608,0.09178743961352658,0.11594202898550725,0.0024154589371980675,0.00966183574879227,0.00966183574879227,0.0,0.0,0.0
46,Andres Gimenez,TOR,143,539,596,138,98,27,3,11,68,59,33,2,100,17,4,3,26,5,21,0.256,0.31703204,0.380333952,0.697365992,0.293981481,16.77852349,5.536912752,127,0.7716535433070866,0.2125984251968504,0.023622047244094488,0.018456375838926176,0.11409395973154363,0.09899328859060402,0.003355704697986577,0.028523489932885907,0.006711409395973154,0.0050335570469798654,0.0436241610738255,0.008389261744966443
87,Anthony Santander,TOR,149,567,634,136,73,28,1,33,80,94,54,2,130,8,5,0,2,1,1,0.24,0.312302839,0.465608466,0.777911305,0.251833741,20.50473186,8.517350158,103,0.7087378640776699,0.27184466019417475,0.009708737864077669,0.052050473186119876,0.12618296529968454,0.14826498422712933,0.0031545741324921135,0.012618296529968454,0.007886435331230283,0.0,0.0031545741324921135,0.0015772870662460567
49,Bo Bichette,TOR,140,559,600,153,105,30,2,16,72,71,34,1,115,4,3,0,9,3,6,0.274,0.318333333,0.42039356,0.738726893,0.317865429,19.16666667,5.666666667,137,0.7664233576642335,0.21897810218978103,0.014598540145985401,0.02666666666666667,0.12,0.11833333333333333,0.0016666666666666668,0.006666666666666667,0.005,0.0,0.015,0.005
122,Daulton Varsho,TOR,134,485,540,106,61,22,4,20,68,63,47,1,135,5,3,1,12,3,9,0.219,0.292592593,0.406185567,0.69877816,0.258258258,25.0,8.703703704,86,0.7093023255813954,0.2558139534883721,0.046511627906976744,0.037037037037037035,0.1259259259259259,0.11666666666666667,0.001851851851851852,0.009259259259259259,0.005555555555555556,0.001851851851851852,0.022222222222222223,0.005555555555555556
327,Davis Schneider,TOR,61,205,235,44,24,10,1,8,27,27,26,0,70,3,2,0,3,1,2,0.213,0.309322034,0.385365854,0.694687888,0.279069767,29.78723404,11.06382979,36,0.6666666666666666,0.2777777777777778,0.027777777777777776,0.03404255319148936,0.1148936170212766,0.1148936170212766,0.0,0.01276595744680851,0.00851063829787234,0.0,0.01276595744680851,0.00425531914893617
151,George Springer,TOR,139,537,602,130,86,22,2,19,77,64,55,0,114,6,3,1,15,3,12,0.242,0.317803661,0.394785847,0.712589508,0.272727273,18.93687708,9.136212625,111,0.7747747747747747,0.1981981981981982,0.018018018018018018,0.03156146179401993,0.12790697674418605,0.10631229235880399,0.0,0.009966777408637873,0.0049833887043189366,0.0016611295681063123,0.024916943521594685,0.0049833887043189366
403,Orelvis Martinez,TOR,47,162,178,35,20,8,0,7,19,22,12,1,48,2,1,0,1,0,1,0.216,0.276836158,0.395061728,0.671897887,0.259259259,26.96629213,6.741573034,28,0.7142857142857143,0.2857142857142857,0.0,0.03932584269662921,0.10674157303370786,0.12359550561797752,0.0056179775280898875,0.011235955056179775,0.0056179775280898875,0.0,0.0056179775280898875,0.0
14,Vladimir Guerrero Jr.,TOR,154,587,666,173,108,34,1,31,92,99,69,8,94,7,4,0,4,2,2,0.295,0.373313343,0.516183986,0.88949733,0.30472103,14.11411411,10.36036036,142,0.7605633802816901,0.23943661971830985,0.007042253521126761,0.046546546546546545,0.13813813813813813,0.14864864864864866,0.012012012012012012,0.010510510510510511,0.006006006006006006,0.0,0.006006006006006006,0.003003003003003003
67,CJ Abrams,WSN,139,541,595,134,85,27,4,18,79,64,36,2,118,12,4,2,34,9,25,0.248,0.306913997,0.41219963,0.719113627,0.283618582,19.83193277,6.050420168,116,0.7327586206896551,0.23275862068965517,0.034482758620689655,0.030252100840336135,0.13277310924369748,0.10756302521008404,0.0033613445378151263,0.020168067226890758,0.0067226890756302525,0.0033613445378151263,0.05714285714285714,0.015126050420168067
177,Dylan Crews,WSN,135,521,576,127,83,25,4,15,69,62,41,0,125,9,4,1,28,7,21,0.244,0.307826087,0.393474088,0.701300175,0.290909091,21.70138889,7.118055556,112,0.7410714285714286,0.22321428571428573,0.03571428571428571,0.026041666666666668,0.11979166666666667,0.1076388888888889,0.0,0.015625,0.006944444444444444,0.001736111111111111,0.04861111111111111,0.012152777777777778
90,James Wood,WSN,138,518,590,135,83,28,4,19,77,73,65,2,161,4,3,0,20,6,14,0.26,0.345762712,0.438223938,0.78398665,0.340175953,27.28813559,11.01694915,116,0.7155172413793104,0.2413793103448276,0.034482758620689655,0.03220338983050847,0.13050847457627118,0.12372881355932204,0.003389830508474576,0.006779661016949152,0.005084745762711864,0.0,0.03389830508474576,0.010169491525423728
342,Josh Bell,WSN,133,492,555,121,80,22,1,19,60,67,54,2,110,4,4,0,1,0,1,0.246,0.323104693,0.412601626,0.735706319,0.277929155,19.81981982,9.72972973,102,0.7843137254901961,0.21568627450980393,0.00980392156862745,0.03423423423423423,0.10810810810810811,0.12072072072072072,0.0036036036036036037,0.007207207207207207,0.007207207207207207,0.0,0.0018018018018018018,0.0
184,Keibert Ruiz,WSN,123,449,483,109,74,22,0,13,47,57,24,1,54,5,3,1,3,1,2,0.243,0.286902287,0.378619154,0.665521441,0.249350649,11.18012422,4.968944099,96,0.7708333333333334,0.22916666666666666,0.0,0.026915113871635612,0.09730848861283643,0.11801242236024845,0.002070393374741201,0.010351966873706004,0.006211180124223602,0.002070393374741201,0.006211180124223602,0.002070393374741201
96,Luis Garcia Jr.,WSN,138,526,562,144,98,27,3,17,65,68,31,2,89,1,4,1,17,5,12,0.273,0.31316726,0.435361217,0.748528477,0.299528302,15.83629893,5.516014235,127,0.7716535433070866,0.2125984251968504,0.023622047244094488,0.030249110320284697,0.11565836298932385,0.12099644128113879,0.0035587188612099642,0.0017793594306049821,0.0071174377224199285,0.0017793594306049821,0.030249110320284697,0.008896797153024912
153,Nathaniel Lowe,WSN,141,520,595,135,96,23,2,15,68,69,67,2,130,4,3,0,2,1,1,0.26,0.346801347,0.4,0.746801347,0.317460317,21.8487395,11.2605042,120,0.8,0.19166666666666668,0.016666666666666666,0.025210084033613446,0.11428571428571428,0.11596638655462185,0.0033613445378151263,0.0067226890756302525,0.005042016806722689,0.0,0.0033613445378151263,0.0016806722689075631
