#,Team,Position,Name,AB,PA,H,1B,2B,3B,HR,R,RBI,BB,IBB,SO,HBP,SF,SH,SB,CS,NSB,AVG,OBP,SLG,OPS,BABIP,K%,BB%,real_AB,real_PA,real_H,real_1B,real_2B,real_3B,real_HR,real_R,real_RBI,real_BB,real_IBB,real_SO,real_HBP,real_SF,real_SH,real_SB,real_CS,real_AVG,real_OBP,real_SLG,real_OPS,real_BABIP,real_K%,real_BB%
1,NYY,OF,Aaron Judge,567.9728814,704,161.0847458,76.36610169,27.4440678,0,57.27457627,119.3220339,133.640678,125.2881356,0,190.9152542,4.772881356,5.966101695,0,9.545762712,3.579661017,5.966101695,0.284,0.413559322,0.634453782,1.048013104,0.318681319,27.11864407,17.79661017,559,704,180,85,36,1,58,122,144,133,20,171,9,2,0,10,0,0.322,0.458,0.701,1.159,0.367,24.3,18.9
2,HOU,OF,Yordan Alvarez,533.5368043,635,160.7450628,84.36265709,31.92100539,1.140035907,43.32136445,104.8833034,115.1436266,84.36265709,0,116.2836625,10.26032316,6.84021544,0,0,0,0,0.301,0.402154399,0.608974359,1.011128758,0.308383234,18.31238779,13.28545781,552,635,170,99,34,2,35,88,86,69,16,95,10,4,0,6,0,0.308,0.392,0.567,0.959,0.317,15,10.9
3,ATL,OF,Ronald Acuna Jr.,192.6176471,222,62.35588235,37.87058824,10.77352941,0.979411765,12.73235294,42.44117647,31.99411765,24.81176471,0,31.66764706,3.264705882,1.305882353,0,20.24117647,4.897058824,15.34411765,0.324,0.407352941,0.588135593,0.995488534,0.331877729,14.26470588,11.17647059,192,222,48,35,8,1,4,38,15,27,0,53,3,0,0,16,3,0.25,0.351,0.365,0.716,0.326,23.9,12.2
4,NYY,OF,Juan Soto,566.4631902,713,161.8466258,92.95245399,31.71319018,1.093558282,36.08742331,115.9171779,103.8880368,138.8819018,0,107.1687117,3.280674847,4.374233129,0,10.93558282,4.374233129,6.561349693,0.286,0.426380368,0.536679537,0.963059905,0.294117647,15.03067485,19.47852761,576,713,166,90,31,4,41,128,109,129,2,119,4,4,0,7,4,0.288,0.419,0.569,0.989,0.298,16.7,18.1
5,LAD,UTIL.,Shohei Ohtani,615.9459459,731,169.6756757,86,27.89189189,6.972972973,48.81081081,130.1621622,126.6756757,104.5945946,0,189.4324324,4.648648649,5.810810811,0,24.40540541,6.972972973,17.43243243,0.275,0.381558029,0.581132075,0.962690104,0.315151515,25.91414944,14.30842607,636,731,197,98,38,7,54,134,130,81,10,162,6,5,0,59,4,0.31,0.39,0.646,1.036,0.336,22.2,11.1
6,TEX,SS,Corey Seager,475.0848896,533,145.6926995,80.53820034,32.57724958,0.904923599,31.67232598,81.44312394,91.39728353,47.05602716,0,85.96774194,5.429541596,5.429541596,0,2.714770798,0.904923599,1.809847199,0.307,0.371816638,0.579047619,0.950864257,0.314214464,16.12903226,8.82852292,475,533,132,81,21,0,30,68,74,53,11,96,3,2,0,1,1,0.278,0.353,0.512,0.864,0.291,18,9.9
7,PHI,1B,Bryce Harper,535.0642633,631,156.2664577,85.05642633,37.5830721,0.989028213,32.63793103,93.95768025,92.96865204,85.05642633,0,133.5188088,5.934169279,4.945141066,0,12.85736677,2.967084639,9.890282132,0.292,0.39184953,0.548983364,0.940832894,0.330687831,21.15987461,13.47962382,550,631,157,85,42,0,30,85,87,76,11,138,2,2,1,7,4,0.285,0.373,0.525,0.898,0.331,21.9,12
8,SDP,OF,Fernando Tatis Jr.,390.5774436,438,109.993985,56.64360902,23.05263158,1.317293233,28.98045113,70.47518797,67.18195489,41.49473684,0,101.4315789,3.293233083,2.634586466,0,20.41804511,3.293233083,17.12481203,0.282,0.353383459,0.569983137,0.923366595,0.308270677,23.15789474,9.473684211,398,438,110,67,21,1,21,64,49,32,0,96,7,1,0,11,3,0.276,0.34,0.492,0.833,0.316,21.9,7.3
9,LAD,"OF, 2B, SS",Mookie Betts,442.8358209,516,128.6149254,72.39402985,29.26567164,1.540298507,25.41492537,81.6358209,80.09552239,63.15223881,0,78.55522388,6.16119403,3.850746269,0,10.0119403,3.080597015,6.931343284,0.29,0.38358209,0.535652174,0.919234263,0.301123596,15.2238806,12.23880597,450,516,130,82,24,5,19,75,75,61,2,57,1,4,0,16,2,0.289,0.372,0.491,0.863,0.294,11,11.8
11,BOS,3B,Rafael Devers,535.3681747,601,153.7659906,83.44617785,34.69110764,0.937597504,34.69110764,86.25897036,101.2605304,55.31825273,0,114.3868955,6.563182527,3.750390016,0,3.750390016,1.875195008,1.875195008,0.287,0.358814353,0.549912434,0.908726787,0.305288462,19.03276131,9.204368175,525,601,143,76,34,5,28,87,83,67,14,147,3,6,0,3,0,0.272,0.354,0.516,0.871,0.323,24.5,11.1
12,LAD,1B,Freddie Freeman,555.8811881,638,175.0664781,110.0933522,41.5106082,1.804809052,21.65770863,94.75247525,89.33804809,69.48514851,0,104.678925,8.121640736,4.512022631,0,18.04809052,1.804809052,16.24328147,0.315,0.396039604,0.512987013,0.909026617,0.353430353,16.40735502,10.89108911,542,638,153,94,35,2,22,81,89,78,9,100,10,8,0,9,2,0.282,0.378,0.476,0.854,0.306,15.7,12.2
13,ATL,1B,Matt Olson,585.1857143,685,155.5928571,82.2,33.27142857,0.978571429,39.14285714,106.6642857,118.4071429,90.02857143,0,147.7642857,4.892857143,4.892857143,0,0.978571429,0,0.978571429,0.266,0.365714286,0.526755853,0.892470139,0.288834951,21.57142857,13.14285714,600,685,148,81,37,1,29,78,98,71,5,170,9,5,0,0,0,0.247,0.333,0.457,0.79,0.293,24.8,10.4
14,HOU,OF,Kyle Tucker,297.684375,339,85.2796875,47.671875,20.128125,1.5890625,15.890625,52.96875,49.2609375,37.078125,0,48.73125,1.059375,3.178125,0,15.3609375,2.11875,13.2421875,0.286,0.3640625,0.524911032,0.888973532,0.293721973,14.375,10.9375,277,339,80,44,13,0,23,56,49,56,3,54,1,2,0,11,0,0.289,0.408,0.585,0.993,0.282,15.9,16.5
15,BAL,3B/SS,Gunnar Henderson,629.272578,719,171.1904762,90.90804598,37.77996716,8.264367816,34.23809524,105.0755337,94.4499179,80.28243021,0,160.5648604,4.722495895,4.722495895,0,14.16748768,3.541871921,10.62561576,0.272,0.356321839,0.521575985,0.877897824,0.311827957,22.3316913,11.16584565,630,719,177,102,31,7,37,118,92,78,1,159,7,4,0,21,4,0.281,0.364,0.529,0.893,0.32,22.1,10.8
16,ARI,OF,Corbin Carroll,605.9228296,684,175.9485531,104.4694534,36.28938907,9.897106109,25.2926045,116.5659164,85.77491961,62.68167203,0,128.6623794,10.99678457,4.398713826,0,49.48553055,8.797427653,40.68810289,0.29,0.364951768,0.508166969,0.873118738,0.330120482,18.81028939,9.163987138,589,684,136,78,22,14,22,121,74,73,0,130,10,9,3,35,8,0.231,0.322,0.428,0.749,0.256,19,10.7
17,ATL,3B,Austin Riley,412.8032544,469,113.7810651,65.21597633,20.81360947,1.387573964,26.36390533,68.68491124,74.2352071,40.23964497,0,115.862426,9.019230769,6.937869822,0,2.081360947,0.693786982,1.387573964,0.276,0.347633136,0.524369748,0.872002884,0.315,24.70414201,8.579881657,425,469,109,62,26,2,19,63,56,37,0,118,5,2,0,0,0,0.256,0.322,0.461,0.783,0.31,25.2,7.9
18,BOS,1B,Triston Casas,204.7353896,243,53.64935065,29.19155844,11.83441558,0.788961039,11.83441558,33.13636364,36.29220779,35.10876623,0,59.96103896,1.183441558,1.972402597,0,0.394480519,0,0.394480519,0.262,0.37012987,0.500963391,0.871093261,0.30994152,24.67532468,14.44805195,212,243,51,30,8,0,13,28,32,30,4,77,1,0,0,0,1,0.241,0.337,0.462,0.8,0.311,31.7,12.3
19,NYM,1B,Pete Alonso,603.1681682,695,153.4009009,80.35285285,27.13213213,1.043543544,44.87237237,97.04954955,116.8768769,69.91741742,0,153.4009009,15.65315315,6.261261261,0,4.174174174,1.043543544,3.130630631,0.254,0.343843844,0.525951557,0.869795401,0.263959391,22.07207207,10.06006006,608,695,146,81,31,0,34,91,88,70,4,172,13,4,0,3,0,0.24,0.329,0.459,0.788,0.276,24.7,10.1
20,ATL,OF,Michael Harris II,440.9777015,470,136.2435678,85.45454545,29.02229846,3.224699828,18.54202401,72.55574614,62.0754717,20.15437393,0,79.81132075,5.6432247,3.224699828,0,17.73584906,4.837049743,12.89879931,0.309,0.344768439,0.515539305,0.860307744,0.34032634,16.98113208,4.288164666,440,470,116,83,14,3,16,58,48,23,1,94,4,3,0,10,6,0.264,0.304,0.418,0.722,0.3,20,4.9
21,MIN,3B,Royce Lewis,288.8888889,325,79.31547619,46.42857143,14.18650794,0.64484127,18.05555556,46.42857143,47.0734127,30.30753968,0,70.28769841,2.579365079,3.224206349,0,9.672619048,1.93452381,7.738095238,0.275,0.345238095,0.515625,0.860863095,0.300632911,21.62698413,9.325396825,292,325,68,36,16,0,16,40,47,28,2,74,0,5,0,0,0,0.233,0.295,0.452,0.747,0.251,22.8,8.6
22,SEA,OF,Julio Rodriguez,558.6720827,613,158.4564254,92.35745938,31.69128508,2.716395864,31.69128508,95.07385524,83.3028065,41.65140325,0,142.1580502,9.05465288,3.621861152,0,31.69128508,8.149187592,23.54209749,0.284,0.341211226,0.520259319,0.861470545,0.326340326,23.19054653,6.794682422,567,613,155,118,17,0,20,76,68,38,1,156,6,2,0,24,5,0.273,0.325,0.409,0.734,0.344,25.4,6.2
23,CHW,OF,Luis Robert Jr.,394.4188192,425,105.8579336,52.53690037,25.09225092,0.784132841,27.44464945,64.29889299,61.16236162,21.17158672,0,119.1881919,7.057195572,2.352398524,0,14.11439114,2.352398524,11.76199262,0.268,0.315498155,0.54473161,0.860229765,0.313479624,28.04428044,4.981549815,393,425,88,55,19,0,14,47,35,28,2,141,2,1,0,23,6,0.224,0.278,0.379,0.657,0.31,33.2,6.6
24,TOR,1B,Vladimir Guerrero Jr.,613.9487179,697,174.5128205,109.3333333,32.58974359,0,32.58974359,99.87179487,104.0769231,71.48717949,0,104.0769231,7.358974359,4.205128205,0,6.307692308,3.153846154,3.153846154,0.284,0.363499246,0.496575342,0.860074588,0.294759825,14.9321267,10.25641026,616,697,199,124,44,1,30,98,103,72,12,96,5,4,0,2,2,0.323,0.396,0.544,0.94,0.342,13.8,10.3
25,CHC,OF,Seiya Suzuki,510.1744186,585,142.8488372,84.54318937,30.12458472,3.887043189,24.29401993,80.65614618,79.68438538,65.10797342,0,122.4418605,3.887043189,5.830564784,0,11.66112957,8.745847176,2.915282392,0.28,0.362126246,0.497142857,0.859269103,0.321052632,20.93023256,11.12956811,512,585,145,91,27,6,21,74,73,63,3,160,6,4,0,16,6,0.283,0.366,0.482,0.848,0.37,27.4,10.8
26,KCR,SS,Bobby Witt Jr.,653.9731343,709,187.3029851,110.0537313,33.86268657,9.523880597,33.86268657,113.2283582,93.12238806,42.32835821,0,115.3447761,5.291044776,7.407462687,0,48.67761194,13.75671642,34.92089552,0.286,0.331343284,0.522653722,0.853997005,0.299586777,16.26865672,5.970149254,636,709,211,123,45,11,32,125,109,57,9,106,8,8,0,31,12,0.332,0.389,0.588,0.977,0.354,15,8
27,KCR,1B,Vinnie Pasquantino,487.2976589,554,140.8160535,89.86287625,28.71906355,0.926421405,21.30769231,72.26086957,75.96655518,58.36454849,0,64.84949833,5.558528428,2.779264214,0,1.852842809,0,1.852842809,0.289,0.369565217,0.482889734,0.852454951,0.29587156,11.70568562,10.53511706,496,554,130,79,30,2,19,64,97,40,1,71,4,13,1,1,0,0.262,0.315,0.446,0.76,0.265,12.8,7.2
28,BOS,OF,Masataka Yoshida,378.0825243,421,115.1278317,76.29773463,24.52427184,1.362459547,12.9433657,55.17961165,57.22330097,35.42394822,0,49.04854369,5.449838188,2.04368932,0,4.087378641,1.362459547,2.724919094,0.305,0.370550162,0.479279279,0.849829441,0.321199143,11.65048544,8.414239482,378,421,106,75,21,0,10,45,56,27,0,52,14,2,0,2,0,0.28,0.349,0.415,0.765,0.302,12.4,6.4
29,ATL,C,Sean Murphy,226.7953668,264,59.62934363,33.63706564,13.25096525,0.50965251,12.23166023,36.69498069,36.69498069,28.54054054,0,60.13899614,7.135135135,1.528957529,0,0,0,0,0.263,0.361003861,0.487640449,0.84864431,0.303921569,22.77992278,10.81081081,233,264,45,29,5,1,10,19,25,27,1,67,3,1,0,0,0,0.193,0.284,0.352,0.636,0.223,25.4,10.2
30,COL,OF,Nolan Jones,256.878089,297,67.03294893,37.18616145,13.70016474,2.44645799,13.70016474,42.56836903,36.69686985,35.71828666,0,86.11532125,2.44645799,1.957166392,0,10.76441516,2.935749588,7.828665568,0.261,0.354200988,0.493333333,0.847534322,0.335384615,28.99505766,12.02635914,256,297,58,41,13,1,3,28,28,36,2,91,1,3,1,5,4,0.227,0.321,0.32,0.641,0.333,30.6,12.1
31,CLE,3B,Jose Ramirez,598.7325581,682,166.5348837,99.12790698,36.67732558,4.956395349,25.77325581,97.14534884,101.1104651,71.37209302,0,83.26744186,5.947674419,5.947674419,0,25.77325581,5.947674419,19.8255814,0.278,0.35755814,0.485099338,0.842657477,0.284,12.20930233,10.46511628,620,682,173,93,39,2,39,114,118,54,12,82,1,6,0,41,7,0.279,0.335,0.537,0.872,0.265,12,7.9
32,TBR,1B,Yandy Diaz,538.8241206,621,158.1105528,106.1005025,34.32663317,0,17.68341709,85.29648241,74.89447236,72.81407035,0,95.69849246,7.281407035,2.08040201,0,2.08040201,2.08040201,0,0.293,0.38358459,0.455598456,0.839183045,0.328467153,15.41038526,11.72529313,563,621,158,112,31,1,14,55,65,50,0,95,4,4,0,0,0,0.281,0.341,0.414,0.755,0.314,15.3,8.1
33,STL,1B,Paul Goldschmidt,567.4556391,654,155.3864662,96.37894737,31.47067669,0.983458647,26.55338346,89.49473684,88.5112782,78.67669173,0,148.5022556,3.933834586,3.933834586,0,9.834586466,1.966917293,7.867669173,0.274,0.363909774,0.473136915,0.83704669,0.325062035,22.70676692,12.03007519,599,654,147,91,33,1,22,70,65,47,2,173,2,2,0,11,0,0.245,0.302,0.414,0.716,0.308,26.5,7.2
34,HOU,2B,Jose Altuve,602.8489666,682,171.3131955,109.5103339,34.6963434,2.168521463,24.93799682,97.58346582,86.74085851,67.22416534,0,111.6788553,8.674085851,3.252782194,0,21.68521463,3.252782194,18.43243243,0.284,0.362480127,0.473021583,0.83550171,0.311778291,16.37519873,9.856915739,628,682,185,134,31,0,20,94,65,47,2,119,7,0,0,22,7,0.295,0.35,0.439,0.79,0.337,17.4,6.9
35,LAD,C,Will Smith,463.7697842,544,122.3021583,73.38129496,22.50359712,1.956834532,24.46043165,73.38129496,78.27338129,58.70503597,0,90.99280576,12.71942446,8.805755396,0,1.956834532,0,1.956834532,0.264,0.356115108,0.478902954,0.835018062,0.273972603,16.72661871,10.79136691,476,544,118,72,24,2,20,77,75,51,6,105,9,8,0,1,1,0.248,0.327,0.433,0.76,0.273,19.3,9.4
36,CLE,1B,Josh Naylor,575.9834559,633,169.8860294,107.0514706,39.5625,0,23.27205882,79.125,94.25183824,44.21691176,0,90.76102941,5.818014706,6.981617647,0,9.308823529,2.327205882,6.981617647,0.295,0.347426471,0.484848485,0.832274955,0.312655087,14.33823529,6.985294118,563,633,137,79,27,0,31,84,108,58,7,105,7,4,0,6,2,0.243,0.32,0.456,0.776,0.246,16.6,9.2
37,STL,OF,Lars Nootbaar,337.2623239,405,88.41549296,53.47711268,19.96478873,1.426056338,13.54753521,54.19014085,47.77288732,63.45950704,0,79.14612676,1.426056338,2.852112676,0,7.13028169,2.139084507,4.991197183,0.262,0.378521127,0.450317125,0.828838251,0.30259366,19.54225352,15.66901408,348,405,85,52,18,3,12,39,45,52,2,79,1,3,1,7,3,0.244,0.342,0.417,0.758,0.281,19.5,12.8
38,PHI,SS,Trea Turner,497.7182081,539,143.3179191,91.13150289,27.26156069,3.115606936,21.80924855,78.66907514,70.10115607,34.2716763,0,102.8150289,3.894508671,3.115606936,0,23.36705202,1.557803468,21.80924855,0.288,0.336705202,0.486697966,0.823403168,0.322981366,19.07514451,6.358381503,505,539,149,103,25,0,21,88,62,27,0,98,6,1,0,19,4,0.295,0.338,0.469,0.807,0.331,18.2,5
39,TOR,SS,Bo Bichette,314.7407407,336,95.92592593,65.85185185,17.62962963,0.518518519,11.92592593,46.66666667,45.11111111,18.66666667,0,63.77777778,1.555555556,1.037037037,0,4.666666667,2.074074074,2.592592593,0.305,0.345679012,0.477759473,0.823438485,0.349892009,18.98148148,5.555555556,311,336,70,49,16,1,4,29,31,20,1,64,3,2,0,5,1,0.225,0.277,0.322,0.598,0.269,19,6
40,BAL,C,Adley Rutschman,547.7265501,638,153.1605723,100.4165342,32.45786963,1.014308426,19.2718601,83.17329094,76.07313196,83.17329094,0,93.3163752,3.042925278,4.057233704,0,3.042925278,2.028616852,1.014308426,0.28,0.375198728,0.448148148,0.823346876,0.304849885,14.6263911,13.03656598,571,638,143,102,21,1,19,68,79,58,3,103,2,7,0,1,0,0.25,0.318,0.391,0.709,0.272,16.1,9.1
41,PHI,OF,Kyle Schwarber,575.8321274,692,121.1751085,55.07959479,21.03039074,1.001447178,44.06367583,98.14182344,114.1649783,108.1562952,0,207.2995658,5.00723589,3.004341534,0,4.005788712,2.002894356,2.002894356,0.21,0.338639653,0.48,0.818639653,0.235474006,29.95658466,15.62952243,573,692,142,82,22,0,38,110,104,106,4,197,5,8,0,5,3,0.248,0.366,0.485,0.851,0.301,28.5,15.3
42,PIT,OF,Bryan Reynolds,608.6646341,692,162.4512195,99.15853659,29.53658537,5.274390244,28.48170732,90.7195122,94.93902439,67.51219512,0,154.0121951,9.493902439,6.329268293,0,10.54878049,2.109756098,8.43902439,0.267,0.346036585,0.473136915,0.8191735,0.309756098,22.25609756,9.756097561,622,692,171,115,29,3,24,73,88,57,3,156,10,3,0,10,2,0.275,0.344,0.447,0.791,0.33,22.5,8.2
43,STL,C,Willson Contreras,311.1190476,358,80.97619048,47.59126984,17.75793651,0.71031746,14.91666667,50.43253968,49.01190476,34.0952381,0,80.97619048,10.6547619,2.130952381,0,3.551587302,2.130952381,1.420634921,0.26,0.351190476,0.465753425,0.816943901,0.303921569,22.61904762,9.523809524,301,358,79,47,17,0,15,48,36,45,2,96,12,0,0,4,1,0.262,0.38,0.468,0.848,0.337,26.8,12.6
44,TEX,OF,Adolis Garcia,563.6905132,637,140.6749611,76.281493,27.73872473,1.981337481,34.67340591,91.14152411,92.13219285,61.4214619,0,175.348367,5.944012442,5.944012442,0,13.86936236,3.962674961,9.906687403,0.25,0.32659409,0.490333919,0.816928009,0.29476584,27.52721617,9.642301711,580,637,130,78,27,0,25,68,85,45,2,177,6,6,0,11,5,0.224,0.284,0.4,0.684,0.273,27.8,7.1
45,HOU,C,Yainer Diaz,578.4541485,619,162.1834061,97.31004367,32.43668122,1.351528384,31.08515284,77.0371179,91.90393013,25.6790393,0,118.9344978,6.757641921,8.109170306,0,0,0,0,0.28,0.31441048,0.502336449,0.816746929,0.300309598,19.2139738,4.148471616,585,619,175,127,29,3,16,70,84,24,1,107,2,8,0,2,0,0.299,0.325,0.441,0.766,0.338,17.3,3.9
46,NYM,OF,Brandon Nimmo,571.8625378,663,154.2326284,98.14803625,29.04380665,6.009063444,21.03172205,89.13444109,74.11178248,75.11329305,0,137.2069486,12.01812689,4.006042296,0,3.004531722,2.003021148,1.001510574,0.27,0.364048338,0.451838879,0.815887218,0.318944844,20.69486405,11.32930514,571,663,128,77,25,3,23,88,90,77,1,158,12,3,0,15,0,0.224,0.327,0.399,0.727,0.267,23.8,11.6
47,CIN,3B,Noelvi Marte,218.8442777,242,61.74859287,39.50093809,12.25891182,0.908067542,9.080675422,30.42026266,30.42026266,19.52345216,0,45.40337711,2.270168856,1.362101313,0,9.080675422,2.724202627,6.356472795,0.282,0.34521576,0.470954357,0.816170117,0.317808219,18.76172608,8.067542214,229,242,48,35,9,0,4,24,18,9,0,75,3,1,0,9,3,0.21,0.248,0.301,0.549,0.291,31,3.7
48,ATL,UTIL.,Marcell Ozuna,619.6794425,688,161.8118467,92.29268293,33.56097561,1.198606272,34.75958188,93.4912892,104.2787456,58.73170732,0,160.6132404,4.794425087,4.794425087,0,0,0,0,0.261,0.327526132,0.487427466,0.814953599,0.296089385,23.34494774,8.536585366,606,688,183,113,31,0,39,96,104,74,2,170,3,4,0,1,0,0.302,0.378,0.546,0.925,0.359,24.7,10.8
49,DET,1B,Spencer Torkelson,333.161435,381,81.43946188,42.71300448,17.65470852,0.569506726,20.50224215,47.83856502,52.96412556,40.43497758,0,96.8161435,3.986547085,3.417040359,0,1.708520179,0.569506726,1.139013453,0.244,0.330343797,0.485470085,0.815813882,0.277922078,25.41106129,10.61285501,342,381,75,43,21,1,10,45,37,33,0,105,4,1,0,0,0,0.219,0.295,0.374,0.669,0.285,27.6,8.7
51,TEX,1B,Nathaniel Lowe,491.6012085,565,133.9954683,86.20090634,26.45770393,1.70694864,19.62990937,74.25226586,68.27794562,65.71752266,0,125.4607251,4.267371601,3.413897281,0,1.70694864,0.85347432,0.85347432,0.273,0.36102719,0.453125,0.81415219,0.326829268,22.20543807,11.63141994,486,565,129,96,16,1,16,62,69,71,1,125,4,4,0,2,0,0.265,0.361,0.401,0.762,0.324,22.1,12.6
52,MIN,UTIL.,Byron Buxton,343.2658824,388,78.51294118,34.69176471,17.34588235,1.825882353,24.64941176,54.77647059,56.60235294,35.60470588,0,115.0305882,5.477647059,3.651764706,0,7.303529412,1.825882353,5.477647059,0.229,0.308235294,0.505319149,0.813554443,0.259911894,29.64705882,9.176470588,355,388,99,51,27,3,18,62,56,20,1,99,11,2,0,7,2,0.279,0.335,0.524,0.859,0.338,25.5,5.2
53,SDP,3B,Manny Machado,575.8956386,643,155.241433,96.14953271,29.04517134,1.001557632,29.04517134,85.13239875,95.14797508,60.09345794,0,121.1884735,2.003115265,5.007788162,0,4.00623053,2.003115265,2.003115265,0.27,0.338006231,0.474782609,0.812788839,0.293023256,18.84735202,9.345794393,593,643,163,104,30,0,29,77,105,45,6,124,1,4,0,11,2,0.275,0.325,0.472,0.797,0.302,19.3,7
54,TBR,OF,Randy Arozarena,560.1869159,648,145.3457944,85.79439252,31.28971963,3.028037383,25.23364486,92.85981308,79.73831776,68.63551402,0,157.4579439,14.13084112,5.046728972,0,25.23364486,10.09345794,15.14018692,0.259,0.352024922,0.461261261,0.813286183,0.313984169,24.29906542,10.59190031,549,648,120,67,33,0,20,77,60,73,0,169,22,4,0,20,10,0.219,0.332,0.388,0.72,0.275,26.1,11.3
55,ARI,2B,Ketel Marte,512.3944637,583,137.1764706,81.70069204,31.26816609,4.034602076,20.17301038,78.67474048,76.65743945,60.51903114,0,101.8737024,5.043252595,5.043252595,0,7.060553633,2.017301038,5.043252595,0.268,0.347750865,0.462598425,0.81034929,0.295918367,17.47404844,10.38062284,504,583,147,86,23,2,36,93,95,65,7,106,5,9,0,7,1,0.292,0.372,0.56,0.932,0.299,18.2,11.1
57,MIA,2B,Luis Arraez,619.566879,672,203.3121019,158.3694268,33.17197452,2.140127389,9.630573248,80.25477707,79.18471338,44.94267516,0,40.66242038,4.280254777,3.210191083,0,4.280254777,2.140127389,2.140127389,0.328,0.375796178,0.435233161,0.811029339,0.338317757,6.050955414,6.687898089,637,672,200,161,32,3,4,83,46,24,3,29,8,1,2,9,3,0.314,0.346,0.392,0.739,0.324,4.3,3.6
58,TBR,OF,Josh Lowe,351.7527881,387,95.67100372,55.38847584,23.01858736,2.157992565,15.10594796,51.79182156,46.75650558,30.21189591,0,94.95167286,2.157992565,2.87732342,0,22.29925651,3.596654275,18.70260223,0.272,0.330855019,0.478527607,0.809382626,0.329411765,24.53531599,7.80669145,353,387,85,54,19,2,10,37,34,32,4,123,0,2,0,25,1,0.241,0.302,0.391,0.693,0.338,31.8,8.3
59,MIL,C,William Contreras,598.7756849,679,161.6113014,101.1523973,33.71746575,1.162671233,25.57876712,86.03767123,88.3630137,70.92294521,0,147.6592466,5.813356164,3.488013699,0,5.813356164,1.162671233,4.650684932,0.27,0.351027397,0.458252427,0.809279824,0.317073171,21.74657534,10.44520548,595,679,167,105,37,2,23,99,92,78,5,139,3,3,0,9,2,0.281,0.365,0.466,0.831,0.33,20.5,11.5
60,PIT,SS,Oneil Cruz,535.7889447,599,133.4455611,72.24120603,25.08375209,6.020100503,30.10050251,85.28475712,81.27135678,54.18090452,0,171.5728643,5.016750419,4.013400335,0,30.10050251,6.020100503,24.08040201,0.249,0.32160804,0.486891386,0.808499426,0.305637982,28.64321608,9.045226131,541,599,140,82,34,3,21,72,76,51,5,181,3,4,0,22,1,0.259,0.324,0.449,0.773,0.347,30.2,8.5
61,BAL,1B,Ryan Mountcastle,454.9773913,507,125.2069565,79.35652174,23.80695652,0.88173913,21.16173913,67.01217391,70.53913043,42.32347826,0,113.7443478,3.526956522,6.172173913,0,3.526956522,0.88173913,2.645217391,0.275,0.337391304,0.470930233,0.808321537,0.318918919,22.43478261,8.347826087,473,507,128,83,30,2,13,54,63,27,0,114,1,6,0,3,0,0.271,0.308,0.425,0.733,0.327,22.5,5.3
62,LAA,OF,Taylor Ward,581.8163265,663,155.6020408,98.09693878,29.31632653,1.12755102,27.06122449,87.94897959,82.31122449,66.5255102,0,136.4336735,7.892857143,6.765306122,0,5.637755102,3.382653061,2.255102041,0.267,0.346938776,0.46124031,0.808179086,0.302387268,20.57823129,10.03401361,585,663,144,91,26,2,25,73,75,63,0,163,7,8,0,6,4,0.246,0.323,0.426,0.748,0.294,24.6,9.5
63,MIN,OF,Matt Wallner,223.7142857,261,52.82142857,27.34285714,11.18571429,1.242857143,13.05,32.93571429,32.31428571,27.96428571,0,83.89285714,6.835714286,2.485714286,0,1.864285714,0.621428571,1.242857143,0.236,0.335714286,0.472222222,0.807936508,0.307692308,32.14285714,10.71428571,220,261,57,26,17,1,13,26,37,24,0,95,16,1,0,3,0,0.259,0.372,0.523,0.894,0.389,36.4,9.2
64,NYM,SS,Francisco Lindor,603.0014684,689,154.7973568,93.08076358,27.31718062,4.046989721,30.35242291,95.10425844,89.03377386,67.78707783,0,135.5741557,11.12922173,7.082232012,0,29.34067548,5.058737151,24.28193833,0.257,0.339207048,0.466442953,0.805650001,0.280182232,19.67694567,9.838472834,618,689,169,96,39,1,33,107,91,56,0,127,12,3,0,29,4,0.273,0.344,0.5,0.844,0.295,18.4,8.1
65,LAA,1B,Nolan Schanuel,510.0682171,607,143.9860465,106.3426357,22.58604651,0.941085271,14.11627907,77.16899225,56.46511628,83.75658915,0,96.93178295,10.35193798,2.823255814,0,1.882170543,0.941085271,0.941085271,0.282,0.392248062,0.413284133,0.805532195,0.323185012,15.96899225,13.79844961,519,607,130,98,19,0,13,62,54,68,0,103,9,7,3,10,1,0.25,0.343,0.362,0.706,0.285,17,11.2
66,MIA,OF,Jazz Chisholm Jr.,560.9419729,621,141.7369439,78.0754352,26.42553191,6.005802708,31.23017408,94.89168279,80.47775629,50.44874275,0,176.5705996,4.804642166,4.804642166,0,37.23597679,8.408123791,28.827853,0.253,0.3172147,0.488222698,0.805437398,0.308724832,28.43326886,8.123791103,562,621,144,95,21,4,24,74,73,53,5,152,4,2,0,40,10,0.256,0.324,0.436,0.76,0.309,24.5,8.5
67,SFG,OF,Jorge Soler,502.7661871,574,120.7877698,65.03956835,23.74460432,1.032374101,30.97122302,77.42805755,83.62230216,62.97482014,0,145.5647482,5.161870504,3.097122302,0,1.032374101,1.032374101,0,0.24,0.329136691,0.476386037,0.805522728,0.272727273,25.35971223,10.97122302,493,574,119,63,34,1,21,84,64,68,0,141,6,4,0,1,0,0.241,0.338,0.442,0.78,0.293,24.6,11.8
68,DET,OF,Riley Greene,526.6869712,584,146.2470389,90.91032149,32.60913706,4.940778342,17.78680203,75.0998308,64.23011844,49.40778342,0,153.1641286,4.940778342,2.964467005,0,10.86971235,2.964467005,7.905245347,0.278,0.343485618,0.459662289,0.803147907,0.358126722,26.22673435,8.460236887,512,584,134,77,27,6,24,82,74,64,3,156,5,2,0,4,2,0.262,0.348,0.479,0.827,0.329,26.7,11
69,STL,2B,Nolan Gorman,353.5480226,402,85.5480226,47.69491525,15.14124294,0.757062147,21.95480226,52.23728814,61.3220339,43.15254237,0,124.1581921,3.028248588,2.271186441,0,5.299435028,2.271186441,3.028248588,0.242,0.327683616,0.475374732,0.803058348,0.303249097,30.88512241,10.73446328,365,402,74,40,15,0,19,42,50,34,1,151,1,2,0,6,1,0.203,0.271,0.4,0.671,0.279,37.6,8.5
70,MIL,1B,Rhys Hoskins,445.4816667,517,107.7083333,58.59333333,24.12666667,0.861666667,24.12666667,67.21,72.38,61.17833333,0,126.665,6.893333333,3.446666667,0,1.723333333,0.861666667,0.861666667,0.242,0.34,0.462282398,0.802282398,0.280346821,24.5,11.83333333,449,517,96,56,14,0,26,59,82,53,1,149,7,6,0,3,0,0.214,0.303,0.419,0.722,0.25,28.8,10.3
71,MIN,2B,Edouard Julien,244.7332123,301,61.72958258,39.8784029,12.56442831,0.546279492,8.740471869,40.4246824,31.68421053,51.89655172,0,85.76588022,2.731397459,1.638838475,0,2.185117967,0.546279492,1.638838475,0.252,0.386569873,0.415178571,0.801748444,0.348920863,28.49364791,17.24137931,266,301,53,36,9,0,8,36,21,33,0,102,2,0,0,6,0,0.199,0.292,0.323,0.616,0.288,33.9,11
72,CIN,"3B, 1B",Jeimer Candelario,409.755,463,106.49,58.64666667,29.32333333,1.543333333,16.97666667,57.10333333,62.505,43.985,0,102.6316667,6.173333333,3.086666667,0,5.401666667,1.543333333,3.858333333,0.26,0.338333333,0.463276836,0.801610169,0.305263158,22.16666667,9.5,427,463,96,51,23,2,20,47,56,27,1,114,6,3,0,4,3,0.225,0.279,0.429,0.707,0.257,24.6,5.8
73,BOS,OF,Jarren Duran,673.0913978,735,185.7258065,101.4247312,57.95698925,6.586021505,19.75806452,105.3763441,80.34946237,48.73655914,0,169.9193548,7.903225806,5.268817204,0,44.78494624,6.586021505,38.19892473,0.276,0.329749104,0.469667319,0.799416423,0.339622642,23.11827957,6.630824373,671,735,191,108,48,14,21,111,75,54,1,160,6,3,1,34,7,0.285,0.342,0.492,0.834,0.345,21.8,7.3
74,CIN,SS,Elly De La Cruz,628.792144,696,158.3371522,87.71194763,28.47790507,10.25204583,31.89525368,103.6595745,86.57283142,59.23404255,0,214.1538462,3.417348609,4.556464812,0,52.39934534,12.53027823,39.8690671,0.252,0.317512275,0.481884058,0.799396333,0.326470588,30.76923077,8.510638298,618,696,160,89,36,10,25,105,76,69,2,218,6,1,2,67,16,0.259,0.339,0.471,0.809,0.359,31.3,9.9
75,PHI,3B,Alec Bohm,553.5943396,606,159.1226415,106.7169811,29.53773585,0.952830189,21.91509434,71.46226415,76.22641509,40.01886792,0,96.23584906,4.764150943,7.622641509,0,2.858490566,0.952830189,1.905660377,0.287,0.336477987,0.462994836,0.799472824,0.309677419,15.88050314,6.603773585,554,606,155,94,44,2,15,62,97,40,2,86,6,6,0,5,2,0.28,0.332,0.448,0.779,0.305,14.2,6.6
76,ARI,1B,Christian Walker,486.6646434,552,120.6191199,67.01062215,25.12898331,1.675265554,26.80424886,72.03641882,81.25037936,52.77086495,0,111.4051593,6.701062215,5.863429439,0,5.863429439,0.837632777,5.025796662,0.248,0.326251897,0.471600688,0.797852585,0.264775414,20.18209408,9.559939302,479,552,120,68,26,0,26,72,84,55,4,133,10,8,0,2,2,0.251,0.335,0.468,0.803,0.287,24.1,10
77,PIT,3B,Ke'Bryan Hayes,364.0129241,396,99.15993538,60.13570275,20.47172859,3.198707593,15.35379645,49.89983845,47.98061389,26.86914378,0,77.40872375,2.558966074,2.558966074,0,11.51534733,4.47819063,7.037156704,0.272,0.324717286,0.472759227,0.797476513,0.306074766,19.54765751,6.785137318,365,396,85,72,9,0,4,38,25,23,1,75,4,4,0,11,2,0.233,0.283,0.29,0.573,0.279,18.9,5.8
78,TEX,OF,Wyatt Langford,486.2871094,557,126.1953125,78.328125,23.93359375,3.263671875,20.66992188,73.9765625,69.625,62.00976563,0,124.0195313,5.439453125,3.263671875,0,25.02148438,7.615234375,17.40625,0.26,0.34765625,0.44966443,0.79732068,0.305993691,22.265625,11.1328125,499,557,126,81,25,4,16,74,74,51,3,115,4,3,0,19,3,0.253,0.325,0.415,0.74,0.296,20.6,9.2
79,TEX,2B,Marcus Semien,643.5854342,718,169.9467787,101.5658263,35.19607843,5.028011204,28.15686275,100.5602241,95.53221289,63.35294118,0,111.6218487,4.022408964,7.039215686,0,16.08963585,4.022408964,12.06722689,0.264,0.330532213,0.465625,0.796157213,0.277559055,15.54621849,8.823529412,650,718,154,102,27,2,23,101,74,64,2,105,3,1,0,8,3,0.237,0.308,0.391,0.699,0.25,14.6,8.9
80,LAA,C,Logan O'Hoppe,465.1089866,522,116.7762906,69.86615679,17.96558317,0.998087954,27.94646272,66.87189293,72.86042065,45.91204589,0,117.7743786,5.988527725,4.990439771,0,1.996175908,0.998087954,0.998087954,0.251,0.323135755,0.474248927,0.797384682,0.273846154,22.56214149,8.79541109,479,522,117,79,17,1,20,64,56,33,0,155,8,1,1,2,3,0.244,0.303,0.409,0.712,0.318,29.7,6.3
81,PHI,OF,Brandon Marsh,412.0162933,476,108.5784114,67.86150713,22.29735234,3.877800407,14.54175153,60.10590631,61.07535642,55.2586558,0,137.6619145,4.847250509,3.877800407,0,10.66395112,2.908350305,7.755600815,0.264,0.354378819,0.442352941,0.79673176,0.356617647,28.92057026,11.6089613,418,476,104,68,17,3,16,55,60,50,0,154,2,5,1,19,3,0.249,0.328,0.419,0.747,0.348,32.4,10.5
82,STL,3B,Nolan Arenado,579.1530945,635,154.0960912,91.00977199,33.09446254,2.068403909,27.92345277,78.59934853,93.0781759,44.47068404,0,97.21498371,5.171009772,6.205211726,0,4.136807818,3.102605863,1.034201954,0.266,0.320846906,0.475,0.795846906,0.274157303,15.30944625,7.003257329,578,635,157,118,23,0,16,70,71,44,2,92,5,7,0,2,2,0.272,0.325,0.394,0.719,0.296,14.5,6.9
83,CHC,OF,Ian Happ,565.4674923,657,142.3839009,83.39628483,32.54489164,2.034055728,24.40866873,84.41331269,78.31114551,80.34520124,0,151.5371517,6.102167183,5.085139319,0,11.1873065,4.068111455,7.119195046,0.252,0.348297214,0.446043165,0.794340379,0.298969072,23.06501548,12.22910217,569,657,138,77,34,2,25,89,86,80,1,168,6,2,0,13,2,0.243,0.341,0.441,0.782,0.299,25.6,12.2
86,ARI,OF,Lourdes Gurriel Jr.,510.3918033,553,138.7032787,81.59016393,33.54262295,1.813114754,21.75737705,69.80491803,76.15081967,33.54262295,0,100.6278689,5.439344262,3.626229508,0,4.532786885,1.813114754,2.719672131,0.272,0.321311475,0.472468917,0.793780392,0.298611111,18.19672131,6.06557377,513,553,143,101,22,2,18,72,75,29,1,101,6,5,0,7,1,0.279,0.322,0.435,0.757,0.313,18.3,5.2
88,HOU,3B,Alex Bregman,536.3886398,634,139.309417,88.13452915,31.2735426,0.947683109,18.95366218,85.29147982,75.81464873,82.44843049,0,77.71001495,9.476831091,5.686098655,0,1.895366218,0.947683109,0.947683109,0.26,0.364723468,0.427561837,0.792285305,0.270212766,12.25710015,13.0044843,581,634,151,93,30,2,26,79,75,44,1,86,5,4,0,3,1,0.26,0.315,0.453,0.768,0.264,13.6,6.9
89,ATL,2B,Ozzie Albies,396.9457014,435,103.0090498,59.04977376,20.99547511,3.280542986,19.68325792,61.67420814,59.70588235,29.52488688,0,72.1719457,3.936651584,4.592760181,0,9.841628959,1.312217195,8.529411765,0.26,0.31372549,0.47768595,0.791411441,0.269067797,16.59125189,6.787330317,399,435,100,60,29,1,10,52,53,27,0,65,5,4,0,8,1,0.251,0.303,0.404,0.707,0.274,14.9,6.2
90,BOS,OF,Tyler O'Neill,419.3403361,473,107.3193277,62.60294118,22.85504202,1.987394958,19.87394958,65.58403361,64.59033613,43.72268908,0,126.1995798,4.968487395,4.968487395,0,12.91806723,3.974789916,8.943277311,0.256,0.329831933,0.462085308,0.791917241,0.314285714,26.68067227,9.243697479,411,473,99,50,18,0,31,74,61,53,5,159,7,2,0,4,0,0.241,0.336,0.511,0.847,0.305,33.6,11.2
91,MIA,1B,Josh Bell,530.4873418,603,138.346519,86.82436709,27.6693038,0.954113924,22.89873418,71.5585443,75.375,64.87974684,0,124.0348101,3.816455696,3.816455696,0,0,0.954113924,-0.954113924,0.261,0.34335443,0.446043165,0.789397596,0.298029557,20.56962025,10.75949367,538,603,134,90,23,2,19,62,71,51,1,120,6,3,0,0,1,0.249,0.319,0.405,0.725,0.286,19.9,8.5
92,CHW,1B,Andrew Vaughn,559.3251634,619,149.6928105,94.06372549,30.34313725,1.011437908,24.2745098,71.8120915,74.84640523,45.51470588,0,116.3153595,10.11437908,4.045751634,0,1.011437908,0,1.011437908,0.268,0.331699346,0.455696203,0.787395549,0.296650718,18.79084967,7.352941176,570,619,140,90,30,1,19,55,70,38,0,132,6,5,0,2,0,0.246,0.297,0.402,0.699,0.285,21.3,6.1
94,MIN,SS,Carlos Correa,324.9821109,367,86.00536673,54.49194991,17.72629696,0.656529517,13.13059034,44.64400716,45.95706619,38.07871199,0,78.78354204,1.969588551,1.969588551,0,0,0,0,0.265,0.343470483,0.444444444,0.787914927,0.310055866,21.46690519,10.37567084,319,367,99,63,20,2,14,55,54,40,4,61,3,4,0,0,0,0.31,0.388,0.517,0.905,0.343,16.6,10.9
95,LAD,OF,Teoscar Hernandez,601.7688752,652,157.7257319,96.44375963,27.1248074,1.004622496,33.15254237,90.41602465,94.43451464,38.17565485,0,192.8875193,7.032357473,5.023112481,0,6.027734977,3.013867488,3.013867488,0.262,0.311248074,0.475792988,0.787041062,0.327176781,29.58397535,5.855161787,589,652,160,93,32,2,33,84,99,53,3,188,8,1,0,12,3,0.272,0.339,0.501,0.84,0.344,28.8,8.1
96,SEA,SS,J.P. Crawford,383.4555382,451,101.3166927,65.43369735,23.92199688,0.703588144,11.2574103,62.61934477,43.6224649,59.10140406,0,83.72698908,4.925117005,3.517940718,0,2.110764431,0.703588144,1.407176287,0.264,0.366614665,0.418348624,0.784963288,0.308433735,18.56474259,13.10452418,392,451,79,52,16,2,9,55,37,52,0,102,6,1,0,5,0,0.202,0.304,0.321,0.625,0.248,22.6,11.5
97,CHC,3B,Michael Busch,494.4884547,567,123.8738899,75.53285968,24.1705151,1.007104796,23.1634103,73.51865009,86.61101243,60.42628774,0,152.0728242,8.056838366,4.028419183,0,3.021314387,1.007104796,2.014209591,0.251,0.339253996,0.443991853,0.78324585,0.31152648,26.82060391,10.65719361,496,567,123,72,28,2,21,73,65,63,1,162,4,4,0,2,1,0.248,0.335,0.44,0.775,0.322,28.6,11.1
98,NYY,1B,Anthony Rizzo,327.8862479,375,82.13073005,50.29711375,15.91680815,0.636672326,15.28013582,49.0237691,48.38709677,33.10696095,0,82.13073005,12.09677419,1.910016978,0,3.18336163,1.910016978,1.273344652,0.25,0.339558574,0.442718447,0.78227702,0.287671233,21.90152801,8.82852292,337,375,77,57,12,0,8,38,35,27,0,65,9,2,0,0,0,0.228,0.301,0.335,0.637,0.259,17.3,7.2
99,BAL,OF,Anthony Santander,598.3959311,665,149.8591549,83.25508607,35.38341158,1.040688576,30.1799687,81.17370892,93.66197183,53.07511737,0,143.6150235,8.325508607,5.203442879,0,4.162754304,2.081377152,2.081377152,0.25,0.317683881,0.464347826,0.782031707,0.278450363,21.59624413,7.981220657,595,665,140,69,25,2,44,91,102,58,3,129,7,5,0,2,0,0.235,0.308,0.506,0.814,0.225,19.4,8.7
100,PIT,OF,Jack Suwinski,233.9846416,277,52.94197952,27.8890785,10.87201365,1.418088737,12.76279863,34.50682594,37.81569966,36.87030717,0,84.61262799,2.836177474,3.30887372,0,6.61774744,2.363481229,4.254266212,0.226,0.33447099,0.448484848,0.782955838,0.287162162,30.54607509,13.3105802,247,277,45,28,8,0,9,29,26,27,2,79,1,1,1,9,1,0.182,0.264,0.324,0.588,0.225,28.5,9.7
101,SDP,SS,Xander Bogaerts,410.3364929,463,115.5671406,81.18957346,21.21169036,0.731437599,12.43443918,59.9778831,58.5150079,42.42338073,0,80.45813586,5.85150079,4.388625592,0,12.43443918,2.194312796,10.24012638,0.282,0.353870458,0.427807487,0.781677945,0.320454545,17.37756714,9.16271722,428,463,113,86,15,1,11,50,44,28,0,79,1,6,0,13,3,0.264,0.307,0.381,0.688,0.297,17.1,6
102,SDP,C,Luis Campusano,274.186722,299,75.68049793,51.48755187,11.78630705,0.62033195,11.78630705,34.73858921,39.70124481,19.85062241,0,51.48755187,3.101659751,1.860995851,0,0,0.62033195,-0.62033195,0.276,0.329875519,0.452488688,0.782364206,0.300291545,17.21991701,6.639004149,277,299,63,42,13,0,8,37,40,20,0,41,1,1,0,0,0,0.227,0.281,0.361,0.642,0.24,13.7,6.7
103,STL,"2B, OF, 1B, 3B",Brendan Donovan,566.6337761,652,159.597723,117.5332068,25.98102467,1.237191651,14.84629981,81.65464896,71.75711575,69.28273245,0,90.31499051,13.60910816,2.474383302,0,7.423149905,2.474383302,4.948766603,0.282,0.371916509,0.410480349,0.782396858,0.312,13.85199241,10.62618596,587,652,163,112,34,3,14,65,73,47,0,81,13,5,0,5,5,0.278,0.342,0.417,0.759,0.3,12.4,7.2
105,MIL,OF,Jackson Chourio,531.8615385,573,143.0051282,90.11282051,25.46666667,2.938461538,24.48717949,73.46153846,74.44102564,33.3025641,0,123.4153846,3.917948718,3.917948718,0,36.24102564,6.856410256,29.38461538,0.269,0.314529915,0.465930018,0.780459933,0.305555556,21.53846154,5.811965812,528,573,145,91,29,4,21,80,79,39,4,121,3,2,1,22,7,0.275,0.327,0.464,0.791,0.32,21.1,6.8
106,CHC,"2B, OF, 3B",Christopher Morel,549.2828283,611,132.6919192,73.03198653,24.68686869,4.114478114,30.85858586,82.28956229,81.26094276,53.48821549,0,191.3232323,4.114478114,4.114478114,0,17.48653199,6.171717172,11.31481481,0.242,0.311447811,0.470037453,0.781485265,0.307453416,31.31313131,8.754208754,535,611,105,70,11,3,21,56,60,61,3,159,10,5,0,8,7,0.196,0.288,0.346,0.634,0.233,26,10
107,CHW,OF,Eloy Jimenez,320.9114688,349,85.67002012,54.77263581,15.44869215,0,15.44869215,42.83501006,46.34607646,23.87525151,0,74.43460765,2.106639839,2.106639839,0,0,0,0,0.267,0.319919517,0.4595186,0.779438117,0.301204819,21.32796781,6.841046278,324,349,77,57,14,0,6,25,23,22,1,70,2,1,0,3,0,0.238,0.289,0.336,0.626,0.285,20.1,6.3
109,MIA,3B,Jake Burger,529.7234043,579,134.5630115,76.75777414,29.37643208,0.947626841,27.4811784,70.12438625,83.39116203,35.06219313,0,156.3584288,9.476268412,4.738134206,0,0.947626841,0,0.947626841,0.254,0.309328969,0.468694097,0.778023066,0.305405405,27.00490998,6.055646481,535,579,134,81,23,1,29,68,76,31,2,150,9,4,0,1,1,0.25,0.301,0.46,0.76,0.292,25.9,5.4
110,NYY,2B,Gleyber Torres,595.8818898,665,159.1811024,103.6771654,30.37007874,1.047244094,24.08661417,89.01574803,84.82677165,60.74015748,0,118.3385827,3.141732283,5.236220472,0,13.61417323,5.236220472,8.377952756,0.267,0.335433071,0.44288225,0.77831532,0.294520548,17.79527559,9.133858268,587,665,151,110,26,0,15,80,63,65,0,136,3,8,2,4,3,0.257,0.33,0.378,0.709,0.306,20.5,9.8
111,PHI,C,J.T. Realmuto,372.8366972,413,96.24036697,57.59266055,18.94495413,3.788990826,15.91376147,56.07706422,53.80366972,28.79633028,0,102.3027523,7.577981651,3.788990826,0,12.88256881,3.031192661,9.851376147,0.258,0.321100917,0.457317073,0.778417991,0.31085044,24.7706422,6.972477064,380,413,101,68,18,1,14,50,47,27,1,102,5,1,0,2,2,0.266,0.322,0.429,0.751,0.328,24.7,6.5
112,HOU,OF,Chas McCormick,236.8218391,267,59.84482759,37.33908046,10.22988506,1.022988506,11.25287356,36.82758621,33.75862069,25.06321839,0,69.05172414,3.068965517,2.045977011,0,9.206896552,2.557471264,6.649425287,0.253,0.329501916,0.447084233,0.776586149,0.306451613,25.86206897,9.38697318,242,267,51,39,6,1,5,32,27,17,0,72,4,3,1,8,2,0.211,0.271,0.306,0.576,0.274,27,6.4
113,WSN,SS,CJ Abrams,549.8582677,602,146.9448819,92.90708661,26.54488189,6.636220472,20.85669291,80.58267717,60.67401575,36.97322835,0,104.2834646,11.37637795,3.792125984,0,42.66141732,8.532283465,34.12913386,0.267,0.324409449,0.453448276,0.777857725,0.294247788,17.32283465,6.141732283,541,602,133,78,29,6,20,79,65,40,3,128,16,4,1,31,12,0.246,0.314,0.433,0.747,0.285,21.3,6.6
114,COL,2B,Brendan Rodgers,490.7449324,539,133.839527,86.49493243,27.31418919,2.731418919,17.29898649,65.55405405,65.55405405,39.15033784,0,104.7043919,5.462837838,3.641891892,0,0.910472973,0,0.910472973,0.273,0.331081081,0.445269017,0.776350098,0.312958435,19.42567568,7.263513514,501,539,134,91,29,1,13,67,54,31,1,132,4,2,1,1,0,0.267,0.314,0.407,0.721,0.338,24.5,5.8
115,KCR,"OF, C",MJ Melendez,391.7339744,451,96.12660256,55.65224359,21.68269231,2.168269231,16.62339744,56.375,54.92948718,52.76121795,0,120.7003205,2.891025641,3.613782051,0,5.059294872,2.168269231,2.891025641,0.245,0.336538462,0.439114391,0.775652853,0.308123249,26.76282051,11.69871795,412,451,85,42,23,3,17,44,44,35,1,113,3,0,0,4,4,0.206,0.273,0.4,0.674,0.241,25.1,7.8
116,MIA,OF,Bryan De La Cruz,576.584127,622,157.968254,100.7047619,33.56825397,0,23.6952381,74.04761905,78.98412698,39.49206349,0,133.2857143,1.974603175,3.949206349,0,2.961904762,0.987301587,1.974603175,0.274,0.320634921,0.455479452,0.776114373,0.317016317,21.42857143,6.349206349,584,622,136,90,25,0,21,61,68,29,1,170,3,5,0,5,2,0.233,0.271,0.384,0.654,0.289,27.3,4.7
117,ATL,OF,Jarred Kelenic,399.9425926,449,100.6092593,57.37222222,24.11296296,2.494444444,16.62962963,63.19259259,54.0462963,42.40555556,0,132.2055556,3.325925926,3.325925926,0,11.64074074,4.988888889,6.651851852,0.252,0.325925926,0.449064449,0.774990375,0.330065359,29.44444444,9.444444444,412,449,95,60,18,2,15,49,45,32,1,133,1,3,1,7,2,0.231,0.286,0.393,0.679,0.3,29.6,7.1
118,MIN,OF,Max Kepler,350.7523992,399,86.53934741,50.54510557,18.38003839,1.531669866,16.08253359,49.77927063,49.77927063,40.58925144,0,80.41266795,4.595009597,3.063339731,0,2.297504798,1.531669866,0.765834933,0.247,0.330134357,0.445414847,0.775549204,0.273809524,20.15355086,10.17274472,368,399,93,63,21,1,8,43,42,22,0,80,5,3,0,1,0,0.253,0.302,0.38,0.682,0.3,20.1,5.5
119,MIL,OF,Christian Yelich,273.12983,315,71.56877898,46.73879444,15.57959815,1.460587326,7.789799073,42.8438949,33.5935085,39.43585781,0,73.02936631,1.947449768,0.486862442,0,11.19783617,1.947449768,9.250386399,0.262,0.358578053,0.415329768,0.773907821,0.330808081,23.18392581,12.51931994,270,315,85,59,12,3,11,44,42,40,3,58,2,1,1,21,1,0.315,0.406,0.504,0.909,0.366,18.4,12.7
120,MIN,C,Ryan Jeffers,409.3679458,465,97.61851016,55.63205418,18.89390519,1.0496614,22.04288939,58.78103837,58.78103837,45.13544018,0,124.9097065,7.347629797,3.148984199,0,5.248306998,2.099322799,3.148984199,0.238,0.322799097,0.451282051,0.774081148,0.28458498,26.86230248,9.706546275,412,465,93,50,22,0,21,56,64,32,0,94,14,6,1,3,0,0.226,0.3,0.432,0.732,0.238,20.2,6.9
122,WSN,C,Keibert Ruiz,448.2972973,485,126.7117117,87.38738739,23.59459459,0,15.72972973,51.55855856,58.54954955,29.71171171,0,52.43243243,5.243243243,1.747747748,0,1.747747748,0.873873874,0.873873874,0.283,0.333333333,0.440545809,0.773879142,0.290617849,10.81081081,6.126126126,459,485,105,71,21,0,13,46,57,16,0,54,5,5,0,3,1,0.229,0.26,0.359,0.619,0.232,11.1,3.3
123,ARI,C,Gabriel Moreno,314.9476744,351,88.43023256,61.22093023,17.00581395,1.360465116,8.843023256,44.21511628,42.1744186,29.25,0,62.58139535,3.401162791,3.401162791,0,4.761627907,2.040697674,2.720930233,0.281,0.34496124,0.427645788,0.772607029,0.32231405,17.82945736,8.333333333,305,351,81,57,18,1,5,39,45,41,1,52,2,3,0,3,1,0.266,0.353,0.38,0.734,0.303,14.8,11.7
124,KCR,2B,Michael Massey,327.96337,356,88.02197802,55.42124542,17.6043956,1.304029304,13.69230769,43.03296703,44.98901099,20.86446886,0,71.06959707,3.912087912,3.26007326,0,4.564102564,1.956043956,2.608058608,0.268,0.316849817,0.45526839,0.772118207,0.301587302,19.96336996,5.860805861,332,356,86,53,17,2,14,45,45,15,1,56,3,4,2,1,0,0.259,0.294,0.449,0.743,0.271,15.7,4.2
125,LAA,"2B, 1B",Brandon Drury,330.9473684,360,83.36842105,46.10526316,19.57894737,1.263157895,16.42105263,44.84210526,49.26315789,20.84210526,0,90.31578947,5.052631579,3.157894737,0,1.263157895,0.631578947,0.631578947,0.252,0.303508772,0.467557252,0.771066024,0.294444444,25.0877193,5.789473684,325,360,55,44,7,0,4,28,15,27,0,81,5,3,0,1,0,0.169,0.242,0.228,0.469,0.21,22.5,7.5
126,MIL,SS,Joey Ortiz,472.0407801,511,128.6560284,81.54255319,27.18085106,2.718085106,17.21453901,70.67021277,61.60992908,30.80496454,0,104.1932624,4.530141844,3.624113475,0,11.77836879,4.530141844,7.24822695,0.273,0.320921986,0.451055662,0.771977648,0.314578005,20.39007092,6.028368794,440,511,105,63,25,6,11,58,60,56,0,103,6,6,3,11,6,0.239,0.329,0.398,0.726,0.283,20.2,11
127,LAD,3B,Max Muncy,245.2444822,293,51.73514431,25.86757216,10.44651952,0.497453311,14.92359932,40.79117148,44.27334465,41.7860781,0,76.11035654,3.482173175,2.487266553,0,0.497453311,0.497453311,0,0.211,0.33106961,0.440162272,0.771231881,0.234920635,25.9762309,14.2614601,237,293,55,23,17,0,15,47,48,45,3,77,5,6,0,1,0,0.232,0.358,0.494,0.852,0.265,26.3,15.4
128,SEA,C,Cal Raleigh,561.9536542,628,129.8538324,69.40463458,24.62745098,1.11942959,34.70231729,75.00178253,91.79322638,59.32976827,0,177.9893048,3.35828877,3.35828877,0,0,0,0,0.231,0.306595365,0.464143426,0.770738792,0.26984127,28.34224599,9.44741533,546,628,120,70,16,0,34,73,100,70,4,176,6,6,0,6,1,0.22,0.312,0.436,0.748,0.251,28,11.1
130,TOR,2B,Davis Schneider,382.815331,454,89.37630662,50.62020906,21.3554007,0.790940767,16.6097561,57.73867596,58.52961672,61.69337979,0,123.3867596,5.536585366,3.954703833,0,6.327526132,3.163763066,3.163763066,0.233,0.344947735,0.423553719,0.768501454,0.294871795,27.17770035,13.58885017,397,454,76,43,19,1,13,48,46,47,0,144,5,5,0,6,0,0.191,0.282,0.343,0.625,0.257,31.7,10.4
131,SEA,1B,Ty France,476.7744479,535,127.4211356,86.07255521,23.62776025,0.84384858,16.87697161,62.44479495,60.75709779,33.75394322,0,92.82334385,21.09621451,3.375394322,0,0,0,0,0.267,0.340694006,0.426548673,0.767242679,0.298405467,17.35015773,6.309148265,479,535,112,75,24,0,13,46,51,38,0,114,13,5,0,1,1,0.234,0.305,0.365,0.67,0.277,21.3,7.1
132,TBR,2B,Brandon Lowe,368.3333333,425,85.88541667,49.58333333,15.9375,0.885416667,19.47916667,54.01041667,56.66666667,47.8125,0,110.6770833,5.3125,3.541666667,0,6.197916667,0.885416667,5.3125,0.233,0.327083333,0.439903846,0.766987179,0.274725275,26.04166667,11.25,385,425,94,51,19,3,21,56,58,33,2,112,5,2,0,5,1,0.244,0.311,0.473,0.783,0.287,26.4,7.8
133,KCR,OF,Nelson Velazquez,207.9742173,230,49.98158379,28.80294659,8.47145488,0.847145488,11.86003683,28.37937385,30.07366483,18.21362799,0,67.77163904,2.11786372,1.694290976,0,3.388581952,1.270718232,2.11786372,0.24,0.305709024,0.460285132,0.765994156,0.293159609,29.46593002,7.918968692,205,230,41,24,8,1,8,31,27,19,0,61,3,3,0,2,0,0.2,0.274,0.366,0.64,0.237,26.5,8.3
136,TBR,3B,Isaac Paredes,558.6030246,641,130.8657845,75.12665406,25.44612476,1.211720227,29.08128544,77.55009452,89.66729679,64.22117202,0,113.9017013,13.3289225,4.846880907,0,0,0,0,0.234,0.325141777,0.440347072,0.765488849,0.242074928,17.76937618,10.01890359,542,641,129,84,25,1,19,64,80,76,2,105,17,6,0,1,1,0.238,0.346,0.393,0.739,0.259,16.4,11.9
137,CIN,"1B, 3B, OF, 2B",Spencer Steer,580.7898089,656,147.2866242,90.87898089,32.38216561,2.089171975,21.93630573,80.43312102,84.61146497,62.67515924,0,141.0191083,9.401273885,3.133757962,0,13.57961783,3.133757962,10.44585987,0.254,0.334394904,0.429856115,0.76425102,0.297766749,21.49681529,9.554140127,574,656,129,71,34,4,20,74,92,72,1,137,8,2,0,25,3,0.225,0.319,0.402,0.721,0.26,20.9,11
138,LAD,SS,Gavin Lux,430.8449304,487,115.2147117,76.48707753,22.26838966,5.809145129,10.6500994,64.86878728,54.21868787,49.3777336,0,99.72365805,2.904572565,3.872763419,0,11.61829026,3.872763419,7.745526839,0.267,0.343936382,0.420224719,0.764161101,0.32238806,20.47713718,10.13916501,439,487,110,74,24,2,10,59,50,44,0,110,2,2,0,5,2,0.251,0.32,0.383,0.703,0.312,22.6,9
139,NYM,C,Francisco Alvarez,300.9878049,342,68.12195122,38.23170732,11.12195122,0,18.76829268,41.01219512,48.65853659,34.06097561,0,88.2804878,4.865853659,2.085365854,0,1.390243902,0.695121951,0.695121951,0.226,0.31300813,0.45034642,0.76335455,0.25177305,25.81300813,9.959349593,308,342,73,46,14,2,11,39,47,30,0,86,2,2,0,1,1,0.237,0.307,0.403,0.71,0.291,25.1,8.8
140,CLE,OF,Steven Kwan,480.8995502,540,139.2503748,101.1994003,27.52623688,5.667166417,4.857571214,65.57721139,49.38530735,52.62368816,0,54.24287856,3.23838081,3.23838081,0,18.62068966,4.047976012,14.57271364,0.29,0.36131934,0.400673401,0.761992741,0.316190476,10.04497751,9.745127436,480,540,140,107,16,3,14,83,44,53,0,51,5,0,2,12,5,0.292,0.368,0.425,0.793,0.304,9.4,9.8
142,MIN,OF,Trevor Larnach,341.9753086,400,79.01234568,45.67901235,16.04938272,1.234567901,16.04938272,49.38271605,51.85185185,51.85185185,0,127.1604938,3.703703704,2.469135802,0,2.469135802,2.469135802,0,0.231,0.336419753,0.42599278,0.762412533,0.312883436,31.79012346,12.96296296,355,400,92,60,17,0,15,59,52,40,1,89,3,2,0,4,1,0.259,0.338,0.434,0.771,0.304,22.3,10
143,PHI,2B,Bryson Stott,523.1265244,571,147.1021341,101.839939,28.72408537,1.740853659,14.7972561,71.375,60.92987805,38.29878049,0,82.69054878,5.222560976,4.352134146,0,26.98323171,4.352134146,22.63109756,0.281,0.333841463,0.427620632,0.761462096,0.307692308,14.48170732,6.707317073,506,571,124,92,19,2,11,65,57,53,1,93,3,9,0,32,3,0.245,0.315,0.356,0.671,0.275,16.3,9.3
144,STL,C,Ivan Herrera,220.8236994,259,55.39306358,35.93063584,11.97687861,0.748554913,6.73699422,32.93641618,29.19364162,33.6849711,0,60.63294798,3.742774566,0.748554913,0,4.49132948,2.24566474,2.24566474,0.251,0.358381503,0.403389831,0.761771333,0.315533981,23.41040462,13.00578035,229,259,69,51,12,1,5,37,27,25,0,53,2,2,0,5,0,0.301,0.372,0.428,0.8,0.37,20.5,9.7
147,CIN,OF,TJ Friedl,302.9811321,341,76.03773585,43.28301887,19.30188679,4.094339623,9.358490566,45.03773585,36.8490566,28.66037736,0,56.1509434,6.433962264,2.924528302,0,14.62264151,4.679245283,9.943396226,0.251,0.325900515,0.434362934,0.760263449,0.277372263,16.46655232,8.404802744,297,341,67,48,5,1,13,35,55,26,0,52,12,4,2,9,1,0.226,0.31,0.38,0.69,0.229,15.2,7.6
148,CLE,C,Bo Naylor,328.6653061,389,77.8,46.04489796,18.25918367,0.793877551,12.70204082,47.63265306,50.80816327,53.98367347,0,84.15102041,3.175510204,3.175510204,0,7.93877551,2.381632653,5.557142857,0.237,0.346938776,0.413043478,0.759982254,0.277027027,21.63265306,13.87755102,354,389,71,46,10,2,13,39,39,29,1,122,2,2,2,6,3,0.201,0.264,0.35,0.614,0.262,31.4,7.5
149,DET,OF,Kerry Carpenter,269.381295,296,68.14388489,42.58992806,11.71223022,1.064748201,12.77697842,36.20143885,39.92805755,19.69784173,0,79.32374101,4.791366906,2.129496403,0,2.661870504,1.064748201,1.597122302,0.253,0.31294964,0.446640316,0.759589956,0.308605341,26.79856115,6.654676259,264,296,75,36,16,5,18,37,57,22,1,75,4,3,0,0,2,0.284,0.345,0.587,0.932,0.328,25.3,7.4
150,MIL,SS,Willy Adames,610.3402226,688,141.100159,74.37837838,32.81399046,1.093799682,32.81399046,86.41017488,95.16057234,67.81558029,0,181.5707472,4.375198728,5.46899841,0,6.562798092,3.281399046,3.281399046,0.231,0.310015898,0.449820789,0.759836687,0.269754768,26.39109698,9.856915739,610,688,153,88,33,0,32,93,112,74,3,173,1,3,0,21,4,0.251,0.331,0.462,0.794,0.297,25.1,10.8
151,SEA,"2B, 3B",Jorge Polanco,414.1818182,469,100.0649351,58.2987013,21.75324675,0.87012987,19.14285714,58.2987013,58.2987013,48.72727273,0,110.5064935,2.61038961,3.480519481,0,4.350649351,0.87012987,3.480519481,0.242,0.322820037,0.43697479,0.759794827,0.280966767,23.56215213,10.38961039,417,469,89,62,11,0,16,43,45,46,3,137,4,2,0,4,2,0.213,0.296,0.355,0.651,0.274,29.2,9.8
152,OAK,OF,Brent Rooker,544.4058501,614,125.7184644,69.59414991,24.69469835,1.122486289,30.3071298,70.7166362,84.18647166,52.75685558,0,204.2925046,12.34734918,4.489945155,0,3.367458867,1.122486289,2.244972578,0.231,0.310786106,0.44742268,0.758208786,0.303571429,33.27239488,8.592321755,546,614,160,93,26,2,39,82,112,59,4,177,5,4,0,11,3,0.293,0.365,0.562,0.927,0.362,28.8,9.6
153,PHI,OF,Nick Castellanos,612.2992126,659,158.7826772,96.51496063,33.20944882,1.037795276,28.02047244,79.91023622,89.2503937,37.36062992,0,184.7275591,4.151181102,5.188976378,0,6.226771654,2.075590551,4.151181102,0.259,0.303937008,0.454237288,0.758174296,0.323076923,28.03149606,5.669291339,606,659,154,97,30,4,23,80,86,41,2,139,10,2,0,6,2,0.254,0.311,0.431,0.742,0.294,21.1,6.2
154,TOR,OF,George Springer,546.9823435,614,142.905297,97.56982343,22.66773676,1.971107544,20.69662921,80.81540931,73.91653291,58.14767255,0,119.2520064,4.92776886,3.942215088,0,16.75441413,3.942215088,12.81219904,0.261,0.335473515,0.423423423,0.758896939,0.29736211,19.42215088,9.470304976,545,614,120,79,19,3,19,74,56,60,0,115,6,2,0,16,1,0.22,0.303,0.371,0.674,0.245,18.7,9.8
155,CHC,SS,Dansby Swanson,533.2473282,593,135.8015267,86.00763359,26.25496183,1.810687023,21.72824427,74.23816794,74.23816794,51.60458015,0,146.6656489,4.526717557,3.621374046,0,11.76946565,3.621374046,8.148091603,0.255,0.323664122,0.432937182,0.756601304,0.30958231,24.73282443,8.702290076,534,593,129,84,27,2,16,82,66,54,2,144,2,3,0,19,3,0.242,0.312,0.39,0.701,0.3,24.3,9.1
156,CIN,OF,Will Benson,329.9262473,388,74.06507592,40.39913232,15.99132321,3.36659436,14.30802603,50.4989154,44.60737527,53.02386117,0,118.6724512,2.52494577,2.52494577,0,17.67462039,5.04989154,12.62472885,0.224,0.334056399,0.423469388,0.757525787,0.299578059,30.5856833,13.6659436,343,388,64,29,19,2,14,41,43,40,0,154,2,2,1,16,7,0.187,0.274,0.376,0.65,0.282,39.7,10.3
157,NYY,OF,Alex Verdugo,568.507177,621,156.4880383,105.9760766,31.6937799,1.980861244,16.83732057,73.29186603,68.33971292,44.56937799,0,92.11004785,3.961722488,3.961722488,0,5.942583732,2.971291866,2.971291866,0.275,0.330143541,0.426829268,0.756972809,0.301282051,14.83253589,7.177033493,559,621,130,88,28,1,13,74,61,49,0,93,1,10,2,2,1,0.233,0.291,0.356,0.647,0.253,15,7.9
158,TOR,C,Alejandro Kirk,339.8119658,386,93.2008547,68.45726496,15.67094017,0,9.072649573,44.53846154,44.53846154,40.41452991,0,39.58974359,3.299145299,2.474358974,0,0,0,0,0.274,0.354700855,0.400485437,0.755186292,0.286516854,10.25641026,10.47008547,340,386,86,61,19,1,5,23,54,35,1,51,2,9,0,0,0,0.253,0.319,0.359,0.677,0.276,13.2,9.1
160,SEA,C,Mitch Garver,373.1556503,430,88.01705757,55.01066098,14.66950959,0,18.33688699,53.17697228,58.67803838,49.50959488,0,108.1876333,4.584221748,2.750533049,0,0,0,0,0.236,0.330490405,0.422604423,0.753094828,0.279411765,25.15991471,11.51385928,367,430,63,31,17,0,15,37,51,53,0,133,7,3,0,0,0,0.172,0.286,0.341,0.627,0.216,30.9,12.3
161,HOU,SS,Jeremy Pena,593.2137285,650,160.2184087,108.5023401,31.43525741,3.042121685,17.23868955,82.13728549,69.96879875,46.64586583,0,126.7550702,8.112324493,2.028081123,0,14.19656786,6.08424337,8.112324493,0.27,0.330733229,0.420512821,0.75124605,0.316853933,19.50078003,7.176287051,602,650,160,115,28,2,15,78,70,25,1,111,14,6,3,20,6,0.266,0.308,0.394,0.701,0.301,17.1,3.8
162,NYM,"2B, OF",Jeff McNeil,430.5560976,472,125.8666667,92.86504065,25.32682927,1.53495935,6.139837398,53.72357724,47.58373984,29.93170732,0,47.58373984,9.209756098,2.302439024,0,5.372357724,1.53495935,3.837398374,0.292,0.349593496,0.401069519,0.750663015,0.315789474,10.08130081,6.341463415,424,472,101,63,26,0,12,57,44,35,1,68,9,3,1,5,1,0.238,0.308,0.384,0.692,0.256,14.4,7.4
164,BOS,OF,Wilyer Abreu,387.7590361,447,95.8626506,60.31807229,20.46506024,1.077108434,14.00240964,54.93253012,50.62409639,50.62409639,0,116.3277108,3.231325301,5.385542169,0,9.693975904,3.231325301,6.462650602,0.247,0.334939759,0.413888889,0.748828648,0.31147541,26.02409639,11.3253012,399,447,101,51,33,2,15,59,58,40,0,125,3,5,0,8,3,0.253,0.322,0.459,0.781,0.326,28,8.9
165,SFG,OF,Michael Conforto,415.5934959,488,100.1788618,65.46341463,17.85365854,0.991869919,15.8699187,58.5203252,57.52845528,58.5203252,0,111.0894309,9.918699187,3.967479675,0,3.967479675,0.991869919,2.975609756,0.241,0.345528455,0.403341289,0.748869744,0.288135593,22.76422764,11.99186992,438,488,104,54,27,3,20,56,66,42,1,118,5,3,0,0,1,0.237,0.309,0.45,0.759,0.277,24.2,8.6
167,BAL,2B/3B,Jordan Westburg,402.0502793,447,102.3854749,61.59776536,24.97206704,3.329608939,12.48603352,55.77094972,50.77653631,37.45810056,0,104.8826816,3.329608939,4.162011173,0,7.491620112,1.664804469,5.826815642,0.255,0.320297952,0.426501035,0.746798987,0.311239193,23.46368715,8.379888268,416,447,110,61,26,5,18,57,63,22,0,97,7,1,1,6,3,0.264,0.312,0.481,0.792,0.305,21.7,4.9
168,BAL,OF,Cedric Mullins,448.8405546,499,112.4263432,69.18544194,23.35008666,3.459272097,16.43154246,69.18544194,51.88908146,42.37608319,0,96.85961872,4.324090121,3.459272097,0,26.80935875,6.05372617,20.75563258,0.25,0.318890815,0.427745665,0.746636479,0.283163265,19.41074523,8.49220104,444,499,104,67,16,3,18,69,54,41,0,98,5,2,2,32,6,0.234,0.305,0.405,0.71,0.261,19.6,8.2
169,COL,3B,Ryan McMahon,571.2560386,645,136.0628019,81.01449275,27.00483092,3.115942029,24.92753623,83.09178744,82.0531401,65.43478261,0,197.3429952,4.154589372,4.154589372,0,6.231884058,3.115942029,3.115942029,0.238,0.31884058,0.427272727,0.746113307,0.314705882,30.5958132,10.14492754,567,645,137,89,28,0,20,68,65,69,4,185,3,4,0,4,6,0.242,0.325,0.397,0.722,0.32,28.7,10.7
170,NYY,DH,Giancarlo Stanton,404.877551,459,87.42857143,47.87755102,13.53061224,0,26.02040816,59.32653061,67.65306122,48.91836735,0,140.5102041,2.081632653,3.12244898,0,0,0,0,0.216,0.301587302,0.442159383,0.743746685,0.254310345,30.6122449,10.65759637,417,459,97,50,20,0,27,49,72,38,2,143,2,2,0,0,0,0.233,0.298,0.475,0.773,0.281,31.2,8.3
171,OAK,2B,Zack Gelof,485.9228243,547,118.5615764,69.16091954,29.64039409,2.694581281,17.06568144,65.5681445,57.48440066,52.99343186,0,155.3875205,4.490968801,3.592775041,0,22.45484401,7.185550082,15.26929392,0.244,0.32183908,0.421441774,0.743280855,0.320113314,28.40722496,9.688013136,497,547,105,66,20,2,17,60,49,38,0,188,4,5,3,25,3,0.211,0.27,0.362,0.632,0.296,34.4,6.9
172,TEX,C,Jonah Heim,446.1973929,491,112.4636872,69.48975791,24.68715084,0.91433892,17.37243948,57.60335196,62.17504655,40.23091248,0,96.91992551,1.82867784,2.74301676,0,1.82867784,0,1.82867784,0.252,0.314711359,0.428278689,0.742990048,0.284153005,19.73929236,8.193668529,459,491,101,75,12,1,13,45,59,26,0,90,4,2,0,1,1,0.22,0.267,0.336,0.602,0.246,18.3,5.3
173,KCR,"3B, SS",Maikel Garcia,562.5681063,626,151.820598,108.1461794,24.95681063,5.199335548,13.51827243,79.02990033,60.31229236,55.11295681,0,128.9435216,3.119601329,5.199335548,0,28.07641196,9.358803987,18.71760797,0.27,0.335548173,0.404805915,0.740354088,0.325183374,20.59800664,8.803986711,575,626,133,94,27,5,7,84,58,42,0,103,0,5,4,37,2,0.231,0.281,0.332,0.614,0.268,16.5,6.7
174,TOR,DH,Justin Turner,479.2117647,539,124.1058824,84.24705882,23.55294118,0,16.30588235,61.6,64.31764706,45.29411765,0,96.92941176,9.058823529,5.435294118,0,2.717647059,0.905882353,1.811764706,0.259,0.331092437,0.41020794,0.741300376,0.290243902,17.98319328,8.403361345,460,539,119,84,24,0,11,59,55,59,2,95,13,7,0,0,2,0.259,0.354,0.383,0.737,0.299,17.6,10.9
175,WSN,OF,Lane Thomas,482.1955836,528,119.9242902,72.45425868,24.98422713,2.498422713,19.9873817,65.79179811,62.46056782,35.81072555,0,134.0820189,5.829652997,4.164037855,0,14.99053628,4.164037855,10.82649842,0.249,0.305993691,0.435233161,0.741226851,0.30075188,25.39432177,6.782334385,472,528,112,68,26,3,15,65,63,44,1,137,7,5,0,32,14,0.237,0.309,0.4,0.709,0.298,25.9,8.3
176,BAL,OF,Austin Hays,234.6,255,59.25714286,34.48571429,15.54285714,0.971428571,8.257142857,29.14285714,30.11428571,16.51428571,0,58.77142857,2.428571429,1.457142857,0,1.942857143,0.485714286,1.457142857,0.253,0.306666667,0.432712215,0.739378882,0.301724138,23.04761905,6.476190476,235,255,60,37,18,0,5,26,20,9,1,59,8,2,1,2,2,0.255,0.303,0.396,0.699,0.318,23.1,3.5
177,CLE,2B,Andres Gimenez,571.6429725,633,148.279483,98.17124394,28.63327948,5.113085622,16.36187399,82.83198708,69.53796446,36.81421648,0,118.6235864,21.47495961,3.067851373,0,28.63327948,6.135702746,22.49757674,0.259,0.326332795,0.413237925,0.73957072,0.3,18.73990307,5.815831987,583,633,147,115,22,1,9,64,63,26,1,97,15,6,3,30,5,0.252,0.298,0.34,0.638,0.286,15.3,4.1
178,TEX,OF,Leody Taveras,487.7661597,529,130.7414449,85.48479087,29.16539924,3.017110266,13.07414449,67.38212928,54.30798479,35.19961977,0,114.6501901,2.011406844,4.022813688,0,15.08555133,4.022813688,11.06273764,0.268,0.317490494,0.420618557,0.738109051,0.32320442,21.6730038,6.653992395,480,529,110,78,17,3,12,59,44,42,0,112,0,4,3,23,6,0.229,0.289,0.352,0.641,0.272,21.2,7.9
180,LAA,SS,Zach Neto,533.3782383,602,129.9654577,80.05872193,29.11226252,1.039723661,19.75474957,72.7806563,69.66148532,42.62867012,0,136.2037997,21.83419689,4.158894646,0,12.47668394,5.198618307,7.27806563,0.244,0.322970639,0.413255361,0.736226,0.288828338,22.62521589,7.081174439,542,602,135,77,34,1,23,70,77,39,1,140,16,1,4,30,10,0.249,0.318,0.443,0.761,0.295,23.3,6.5
181,CHC,"2B, SS",Nico Hoerner,580.7848485,641,163.1636364,122.3727273,27.19393939,4.856060606,8.740909091,83.52424242,62.15757576,47.58939394,0,74.78333333,9.712121212,2.913636364,0,35.93484848,6.798484848,29.13636364,0.281,0.343939394,0.389632107,0.733571501,0.308737864,11.66666667,7.424242424,582,641,159,116,35,1,7,86,48,44,1,66,12,3,0,31,6,0.273,0.335,0.373,0.708,0.297,10.3,6.9
184,NYY,SS,Anthony Volpe,615.2982172,689,147.4035656,87.10210697,32.38411669,5.583468395,22.33387358,92.68557536,75.93517018,61.41815235,0,177.554295,6.700162075,5.583468395,0,33.50081037,8.933549433,24.56726094,0.24,0.31280389,0.41923775,0.732041639,0.297082228,25.76985413,8.914100486,637,689,155,109,27,7,12,90,60,42,1,156,4,3,2,28,7,0.243,0.293,0.364,0.657,0.303,22.6,6.1
185,ATL,SS,Orlando Arcia,548.0421793,602,141.771529,95.21968366,27.50790861,1.057996485,17.98594025,71.94376098,71.94376098,47.60984183,0,115.3216169,3.173989455,3.173989455,0,2.11599297,0,2.11599297,0.259,0.319859402,0.411196911,0.731056314,0.296202532,19.15641476,7.908611599,551,602,120,79,24,0,17,50,46,41,1,128,2,7,1,2,0,0.218,0.271,0.354,0.625,0.249,21.3,6.8
186,BAL,SS,Jackson Holliday,181.9521179,208,45.96685083,31.79373849,8.044198895,1.532228361,4.596685083,25.28176796,20.30202578,23.74953959,0,48.64825046,1.149171271,1.149171271,0,5.745856354,3.064456722,2.681399632,0.253,0.340699816,0.389473684,0.7301735,0.318584071,23.38858195,11.41804788,190,208,36,25,4,2,5,28,23,15,0,69,2,1,0,4,0,0.189,0.255,0.311,0.565,0.265,33.2,7.2
188,MIL,OF,Sal Frelick,467.9524618,524,127.2190153,91.63327674,26.6893039,2.66893039,6.227504244,61.38539898,48.93039049,48.93039049,0,72.95076401,4.448217317,2.66893039,0,16.01358234,2.66893039,13.34465195,0.272,0.344651952,0.380228137,0.724880089,0.309090909,13.92190153,9.337860781,475,524,123,95,22,4,2,66,32,39,0,78,4,1,2,18,3,0.259,0.32,0.335,0.655,0.306,14.9,7.4
190,DET,"3B, 2B",Colt Keith,505.3522267,556,127.1821862,82.16194332,27.01214575,1.125506073,16.88259109,63.02834008,63.02834008,43.89473684,0,137.3117409,3.376518219,3.376518219,0,3.376518219,1.125506073,2.251012146,0.252,0.313765182,0.409799555,0.723564737,0.311111111,24.69635628,7.894736842,516,556,134,102,15,4,13,54,61,36,2,110,2,2,0,7,1,0.26,0.309,0.38,0.689,0.306,19.8,6.5
191,NYM,OF,Starling Marte,342.0477137,370,91.21272366,64.73161034,14.71172962,2.942345924,8.827037773,50.01988072,33.10139165,17.65407555,0,75.76540755,9.562624254,0.735586481,0,23.5387674,5.149105368,18.38966203,0.267,0.320079523,0.404301075,0.724380598,0.319088319,20.47713718,4.771371769,335,370,90,67,13,3,7,46,40,27,1,81,3,2,3,16,1,0.269,0.327,0.388,0.715,0.333,21.9,7.3
194,KCR,"C, 1B",Salvador Perez,610.8828829,652,155.0702703,103.3801802,25.84504505,0,25.84504505,71.66126126,93.98198198,23.4954955,0,151.5459459,11.74774775,5.873873874,0,0,0,0,0.254,0.291891892,0.423076923,0.714968815,0.294117647,23.24324324,3.603603604,590,652,160,105,28,0,27,58,104,44,9,129,11,6,0,0,0,0.271,0.33,0.456,0.786,0.302,19.8,6.7
195,BOS,OF,Ceddanne Rafaela,530.8927911,571,135.0979667,87.6025878,27.44177449,4.22181146,15.83179298,70.71534196,62.27171904,25.33086876,0,146.7079482,8.443622921,6.33271719,0,21.1090573,7.388170055,13.72088725,0.254,0.295748614,0.411530815,0.707279429,0.318309859,25.69316081,4.436229205,544,571,134,91,23,5,15,70,75,15,1,151,7,3,2,19,10,0.246,0.274,0.39,0.664,0.312,26.4,2.6
196,NYY,C,Austin Wells,372.0646552,414,86.54741379,53.53448276,19.62931034,0,13.38362069,48.18103448,48.18103448,34.79741379,0,100.8232759,4.461206897,2.676724138,0,3.568965517,0.892241379,2.676724138,0.233,0.30387931,0.393285372,0.697164682,0.280821918,24.35344828,8.405172414,354,414,81,49,18,1,13,42,55,47,0,87,5,7,1,1,2,0.229,0.322,0.395,0.718,0.261,21,11.4
197,TOR,OF,Daulton Varsho,462.6,513,104.4,63,21.6,1.8,18,64.8,60.3,41.4,0,121.5,4.5,4.5,0,17.1,3.6,13.5,0.226,0.292982456,0.39688716,0.689869616,0.263736264,23.68421053,8.070175439,459,513,98,52,21,7,18,73,58,48,1,137,4,1,1,10,2,0.214,0.293,0.407,0.7,0.262,26.7,9.4
