Name,Team,GS,G,IP,W,L,QS,SV,HLD,BS,TBF,H,R,ER,HR,IBB,HBP,SO,BB,K/9,BB/9,ERA,WHIP,K%,BB%,W%,L%,QS%,SV%,HLD%,BS%,H%,R%,ER%,HR%,IBB%,HBP%
Brandon Pfaadt,ARI,27,33,157.1,10,9,10,0,0,0,653,152,77,71,23,1,6,158,38,9.07,2.15,4.05,1.21,24.19601838,5.819295559,0.303030303,0.272727273,0.303030303,0,0,0,0.232771822,0.117917305,0.108728943,0.035222052,0.001531394,0.009188361
Corbin Burnes,ARI,30,30,185.2,12,9,16,0,0,0,765,165,81,74,20,1,7,183,53,8.89,2.57,3.61,1.17,23.92156863,6.928104575,0.4,0.3,0.533333333,0,0,0,0.215686275,0.105882353,0.096732026,0.026143791,0.00130719,0.009150327
Jordan Montgomery,ARI,16,30,104.1,7,6,7,0,1,0,446,108,55,50,13,1,3,82,32,7.09,2.73,4.35,1.34,18.38565022,7.174887892,0.233333333,0.2,0.233333333,0,0.033333333,0,0.242152466,0.123318386,0.112107623,0.029147982,0.002242152,0.006726457
Merrill Kelly,ARI,26,26,153.2,10,8,11,0,0,0,646,145,77,70,21,1,5,141,49,8.27,2.88,4.12,1.26,21.82662539,7.585139319,0.384615385,0.307692308,0.423076923,0,0,0,0.224458204,0.119195046,0.108359133,0.03250774,0.001547988,0.007739938
Zac Gallen,ARI,29,29,171.2,13,8,13,0,0,0,714,156,79,73,19,1,6,173,52,9.05,2.74,3.82,1.21,24.22969188,7.282913165,0.448275862,0.275862069,0.448275862,0,0,0,0.218487395,0.110644258,0.102240896,0.026610644,0.00140056,0.008403361
Jeffrey Springs,ATH,25,29,137,8,7,10,0,0,0,567,125,63,58,20,1,4,137,39,9.03,2.58,3.83,1.2,24.1622575,6.878306878,0.275862069,0.24137931,0.344827586,0,0,0,0.220458554,0.111111111,0.102292769,0.035273369,0.001763668,0.007054674
Luis Severino,ATH,29,29,168.1,8,11,12,0,0,0,717,163,89,82,25,1,8,148,56,7.89,2.99,4.38,1.3,20.64156206,7.810320781,0.275862069,0.379310345,0.413793103,0,0,0,0.227336123,0.124128312,0.114365411,0.034867503,0.0013947,0.011157601
AJ Smith-Shawver,ATL,9,29,67.2,4,4,3,0,1,0,289,60,35,33,10,1,2,70,29,9.28,3.85,4.33,1.31,24.22145329,10.03460208,0.137931034,0.137931034,0.103448276,0,0.034482759,0,0.207612457,0.121107266,0.114186851,0.034602076,0.003460208,0.006920415
Chris Sale,ATL,26,26,155.2,12,6,13,0,0,0,629,128,59,54,16,1,8,188,40,10.85,2.32,3.14,1.08,29.88871224,6.359300477,0.461538462,0.230769231,0.5,0,0,0,0.203497615,0.093799682,0.085850556,0.025437202,0.001589825,0.012718601
Reynaldo Lopez,ATL,27,30,155.1,10,7,11,0,1,2,644,135,68,62,18,2,5,166,51,9.61,2.98,3.61,1.2,25.77639752,7.919254658,0.333333333,0.233333333,0.366666667,0,0.033333333,0.066666667,0.209627329,0.105590062,0.096273292,0.027950311,0.00310559,0.007763975
Spencer Schwellenbach,ATL,28,28,164,12,8,12,0,0,0,671,150,73,67,19,1,7,160,37,8.8,2.02,3.7,1.14,23.84500745,5.514157973,0.428571429,0.285714286,0.428571429,0,0,0,0.223546945,0.108792846,0.099850969,0.028315946,0.001490313,0.010432191
Spencer Strider,ATL,20,20,114.1,9,5,9,0,0,0,465,89,48,44,13,1,4,153,39,12.02,3.08,3.47,1.13,32.90322581,8.387096774,0.45,0.25,0.45,0,0,0,0.191397849,0.103225806,0.094623656,0.027956989,0.002150538,0.008602151
Charlie Morton,BAL,26,26,147.2,9,9,10,0,0,0,639,138,77,71,20,1,11,148,60,9.01,3.63,4.33,1.34,23.16118936,9.389671362,0.346153846,0.346153846,0.384615385,0,0,0,0.215962441,0.120500782,0.111111111,0.031298905,0.001564945,0.017214397
Dean Kremer,BAL,26,26,147.2,9,8,10,0,0,0,626,141,77,71,22,1,5,130,50,7.93,3.05,4.31,1.3,20.76677316,7.987220447,0.346153846,0.307692308,0.384615385,0,0,0,0.225239617,0.123003195,0.11341853,0.03514377,0.001597444,0.00798722
Grayson Rodriguez,BAL,27,27,158,11,8,12,0,0,0,656,140,71,65,20,1,6,171,51,9.72,2.88,3.72,1.21,26.06707317,7.774390244,0.407407407,0.296296296,0.444444444,0,0,0,0.213414634,0.108231707,0.099085366,0.030487805,0.00152439,0.009146341
Zach Eflin,BAL,29,29,171.1,11,9,13,0,0,0,701,169,80,73,23,1,5,145,28,7.62,1.49,3.86,1.15,20.68473609,3.994293866,0.379310345,0.310344828,0.448275862,0,0,0,0.241084165,0.114122682,0.104136947,0.032810271,0.001426534,0.007132668
Brayan Bello,BOS,29,29,165,12,10,11,0,0,0,706,161,81,75,18,1,8,152,58,8.28,3.14,4.08,1.32,21.52974504,8.21529745,0.413793103,0.344827586,0.379310345,0,0,0,0.228045326,0.114730878,0.106232295,0.025495751,0.001416431,0.011331445
Garrett Crochet,BOS,29,31,157,11,8,12,0,0,1,632,124,61,56,16,2,6,205,45,11.74,2.58,3.21,1.08,32.43670886,7.120253165,0.35483871,0.258064516,0.387096774,0,0,0.032258065,0.196202532,0.096518987,0.088607595,0.025316456,0.003164557,0.009493671
Kutter Crawford,BOS,23,39,150.1,8,10,9,0,1,0,626,138,80,73,25,2,6,145,43,8.7,2.59,4.4,1.21,23.1629393,6.869009585,0.205128205,0.256410256,0.230769231,0,0.025641026,0,0.220447284,0.127795527,0.116613419,0.039936102,0.003194888,0.009584665
Lucas Giolito,BOS,18,27,106.1,6,7,7,0,0,0,453,101,58,53,17,1,4,109,39,9.21,3.28,4.5,1.32,24.06181015,8.609271523,0.222222222,0.259259259,0.259259259,0,0,0,0.222958057,0.12803532,0.116997792,0.037527594,0.002207506,0.008830022
Tanner Houck,BOS,28,33,171.2,10,9,12,0,0,0,724,162,81,74,16,3,11,151,51,7.94,2.67,3.89,1.24,20.85635359,7.044198895,0.303030303,0.272727273,0.363636364,0,0,0,0.223756906,0.111878453,0.102209945,0.022099448,0.004143646,0.01519337
Walker Buehler,BOS,26,32,142,7,8,9,0,0,0,610,144,77,71,20,1,6,121,46,7.66,2.94,4.49,1.34,19.83606557,7.540983607,0.21875,0.25,0.28125,0,0,0,0.236065574,0.126229508,0.116393443,0.032786885,0.001639344,0.009836066
Ben Brown,CHC,4,25,47.1,3,2,2,0,2,0,196,39,20,19,5,0,2,55,18,10.41,3.35,3.58,1.19,28.06122449,9.183673469,0.12,0.08,0.08,0,0.08,0,0.198979592,0.102040816,0.096938776,0.025510204,0,0.010204082
Jameson Taillon,CHC,28,28,166.2,11,10,11,0,0,0,696,166,87,80,25,1,5,133,39,7.16,2.12,4.34,1.23,19.1091954,5.603448276,0.392857143,0.357142857,0.392857143,0,0,0,0.238505747,0.125,0.114942529,0.03591954,0.001436782,0.007183908
Justin Steele,CHC,29,29,168.1,11,8,13,0,0,0,695,152,71,65,17,1,6,164,46,8.76,2.47,3.48,1.18,23.5971223,6.618705036,0.379310345,0.275862069,0.448275862,0,0,0,0.218705036,0.102158273,0.09352518,0.024460432,0.001438849,0.008633094
Matthew Boyd,CHC,19,23,103.1,6,5,6,0,0,0,432,93,49,45,14,2,5,107,33,9.33,2.86,3.94,1.22,24.76851852,7.638888889,0.260869565,0.217391304,0.260869565,0,0,0,0.215277778,0.113425926,0.104166667,0.032407407,0.00462963,0.011574074
Shota Imanaga,CHC,28,28,172.1,12,7,13,0,0,0,699,155,76,70,26,1,5,172,37,8.98,1.93,3.63,1.12,24.60658083,5.293276109,0.428571429,0.25,0.464285714,0,0,0,0.221745351,0.108726753,0.100143062,0.037195994,0.001430615,0.007153076
Andrew Abbott,CIN,26,26,147.2,9,10,9,0,0,0,633,143,81,74,26,1,4,139,55,8.45,3.37,4.51,1.34,21.95892575,8.68878357,0.346153846,0.384615385,0.346153846,0,0,0,0.225908373,0.127962085,0.116903633,0.04107425,0.001579779,0.006319115
Brady Singer,CIN,29,29,171,9,10,12,0,0,0,729,172,90,82,25,1,9,160,50,8.4,2.6,4.34,1.29,21.9478738,6.858710562,0.310344828,0.344827586,0.413793103,0,0,0,0.235939643,0.12345679,0.112482853,0.034293553,0.001371742,0.012345679
Hunter Greene,CIN,25,25,151.2,9,8,11,0,0,0,630,124,72,66,22,1,11,179,54,10.62,3.23,3.92,1.18,28.41269841,8.571428571,0.36,0.32,0.44,0,0,0,0.196825397,0.114285714,0.104761905,0.034920635,0.001587302,0.017460317
Nick Lodolo,CIN,23,23,129.2,8,8,9,0,0,0,547,118,62,57,17,1,12,141,40,9.77,2.79,3.95,1.22,25.77696527,7.31261426,0.347826087,0.347826087,0.391304348,0,0,0,0.215722121,0.113345521,0.104204753,0.031078611,0.001828154,0.021937843
Nick Martinez,CIN,22,37,140,8,8,8,0,1,1,589,140,72,66,20,1,6,118,36,7.61,2.32,4.23,1.26,20.03395586,6.112054329,0.216216216,0.216216216,0.216216216,0,0.027027027,0.027027027,0.237691002,0.122241087,0.112054329,0.033955857,0.001697793,0.010186757
Rhett Lowder,CIN,18,31,110,6,6,6,0,1,0,471,110,57,52,15,1,4,91,36,7.48,2.92,4.28,1.32,19.32059448,7.643312102,0.193548387,0.193548387,0.193548387,0,0.032258065,0,0.233545648,0.121019108,0.110403397,0.031847134,0.002123142,0.008492569
Gavin Williams,CLE,26,26,138.1,8,8,9,0,0,0,582,121,67,62,17,1,6,141,53,9.21,3.45,4.02,1.26,24.22680412,9.10652921,0.307692308,0.307692308,0.346153846,0,0,0,0.20790378,0.115120275,0.10652921,0.029209622,0.001718213,0.010309278
Luis L. Ortiz,CLE,22,32,141.2,8,8,8,0,1,1,607,137,75,69,20,1,7,116,52,7.4,3.29,4.4,1.33,19.11037891,8.566721582,0.25,0.25,0.25,0,0.03125,0.03125,0.225700165,0.123558484,0.113673806,0.032948929,0.001647446,0.011532125
Shane Bieber,CLE,14,19,85.1,5,4,7,0,1,0,352,80,37,34,10,0,2,84,21,8.84,2.2,3.58,1.18,23.86363636,5.965909091,0.263157895,0.210526316,0.368421053,0,0.052631579,0,0.227272727,0.105113636,0.096590909,0.028409091,0,0.005681818
Tanner Bibee,CLE,29,29,170.2,11,9,12,0,0,0,701,151,76,70,23,1,7,180,46,9.49,2.4,3.71,1.15,25.67760342,6.562054208,0.379310345,0.310344828,0.413793103,0,0,0,0.215406562,0.108416548,0.099857347,0.032810271,0.001426534,0.009985735
Jack Flaherty,DET,26,27,144.2,10,8,11,0,0,0,606,132,68,63,19,1,7,158,46,9.83,2.86,3.9,1.23,26.07260726,7.590759076,0.37037037,0.296296296,0.407407407,0,0,0,0.217821782,0.112211221,0.103960396,0.031353135,0.001650165,0.011551155
Jackson Jobe,DET,19,28,115.1,4,4,6,0,0,0,491,108,62,57,16,1,4,95,42,7.41,3.29,4.41,1.3,19.34826884,8.553971487,0.142857143,0.142857143,0.214285714,0,0,0,0.219959267,0.126272912,0.116089613,0.032586558,0.00203666,0.00814664
Reese Olson,DET,27,27,145.2,8,9,11,0,0,0,610,134,69,63,16,2,5,136,46,8.41,2.86,3.9,1.24,22.29508197,7.540983607,0.296296296,0.333333333,0.407407407,0,0,0,0.219672131,0.113114754,0.103278689,0.026229508,0.003278689,0.008196721
Tarik Skubal,DET,30,30,183.2,14,7,16,0,0,0,726,146,64,59,17,1,7,214,39,10.46,1.9,2.88,1,29.47658402,5.371900826,0.466666667,0.233333333,0.533333333,0,0,0,0.201101928,0.08815427,0.081267218,0.023415978,0.00137741,0.009641873
Framber Valdez,HOU,29,29,186,14,8,16,0,0,0,771,162,75,69,16,1,9,183,58,8.84,2.79,3.33,1.18,23.73540856,7.522697795,0.482758621,0.275862069,0.551724138,0,0,0,0.210116732,0.097276265,0.089494163,0.02075227,0.001297017,0.011673152
Hunter Brown,HOU,29,29,167.1,12,9,14,0,0,0,703,151,76,70,19,1,6,178,58,9.57,3.12,3.76,1.25,25.3200569,8.250355619,0.413793103,0.310344828,0.482758621,0,0,0,0.214793741,0.108108108,0.099573257,0.027027027,0.001422475,0.008534851
Ronel Blanco,HOU,28,29,162.1,10,8,11,0,0,2,686,141,81,74,25,3,5,160,68,8.89,3.76,4.13,1.28,23.32361516,9.912536443,0.344827586,0.275862069,0.379310345,0,0,0.068965517,0.205539359,0.118075802,0.10787172,0.036443149,0.004373178,0.00728863
Spencer Arrighetti,HOU,26,26,140.2,8,9,9,0,0,0,602,127,75,69,20,1,7,150,58,9.61,3.7,4.41,1.31,24.91694352,9.634551495,0.307692308,0.346153846,0.346153846,0,0,0,0.210963455,0.124584718,0.11461794,0.033222591,0.00166113,0.011627907
Cole Ragans,KCR,30,30,177.2,12,9,15,0,0,0,736,148,75,69,18,3,6,203,65,10.3,3.31,3.5,1.2,27.58152174,8.831521739,0.4,0.3,0.5,0,0,0,0.201086957,0.101902174,0.09375,0.024456522,0.004076087,0.008152174
Kris Bubic,KCR,15,32,99.2,5,6,6,0,2,1,426,99,51,46,12,3,4,95,34,8.6,3.03,4.2,1.33,22.30046948,7.981220657,0.15625,0.1875,0.1875,0,0.0625,0.03125,0.232394366,0.11971831,0.107981221,0.028169014,0.007042254,0.009389671
Michael Wacha,KCR,28,28,162.2,11,9,11,0,0,0,681,155,80,73,22,1,6,142,47,7.87,2.6,4.06,1.24,20.85168869,6.901615272,0.392857143,0.321428571,0.392857143,0,0,0,0.227606461,0.117474302,0.107195301,0.032305433,0.001468429,0.008810573
Seth Lugo,KCR,30,30,183.1,12,10,15,0,0,1,766,178,88,81,22,2,7,162,48,7.95,2.35,3.96,1.23,21.14882507,6.266318538,0.4,0.333333333,0.5,0,0,0.033333333,0.232375979,0.114882507,0.105744125,0.028720627,0.002610966,0.009138381
Jose Soriano,LAA,25,27,139.2,8,8,10,0,1,0,598,124,66,60,14,2,9,133,58,8.56,3.77,3.89,1.31,22.24080268,9.698996656,0.296296296,0.296296296,0.37037037,0,0.037037037,0,0.20735786,0.110367893,0.100334448,0.023411371,0.003344482,0.015050167
Reid Detmers,LAA,20,30,119.1,6,8,7,0,1,0,506,109,62,57,18,1,6,132,44,9.99,3.31,4.3,1.28,26.08695652,8.695652174,0.2,0.266666667,0.233333333,0,0.033333333,0,0.21541502,0.122529644,0.112648221,0.035573123,0.001976285,0.011857708
Yusei Kikuchi,LAA,30,30,170.2,10,10,12,0,0,0,709,155,81,74,26,1,5,190,51,10.04,2.7,3.91,1.21,26.79830748,7.193229901,0.333333333,0.333333333,0.4,0,0,0,0.218617772,0.114245416,0.104372355,0.036671368,0.001410437,0.007052186
Blake Snell,LAD,28,28,158,11,6,13,0,0,0,649,116,64,59,18,1,4,205,69,11.66,3.92,3.35,1.17,31.58705701,10.63174114,0.392857143,0.214285714,0.464285714,0,0,0,0.178736518,0.098613251,0.090909091,0.027734977,0.001540832,0.006163328
Dustin May,LAD,10,34,78.2,6,4,5,0,1,0,328,68,35,32,8,1,4,75,27,8.62,3.12,3.69,1.21,22.86585366,8.231707317,0.176470588,0.117647059,0.147058824,0,0.029411765,0,0.207317073,0.106707317,0.097560976,0.024390244,0.00304878,0.012195122
Shohei Ohtani,LAD,19,19,111.1,9,5,9,0,0,0,456,90,47,43,14,1,5,131,37,10.58,3.02,3.49,1.14,28.72807018,8.114035088,0.473684211,0.263157895,0.473684211,0,0,0,0.197368421,0.103070175,0.094298246,0.030701754,0.002192982,0.010964912
Tony Gonsolin,LAD,19,31,116,8,6,6,0,0,0,488,106,63,58,18,1,5,100,39,7.77,3.03,4.49,1.25,20.49180328,7.991803279,0.258064516,0.193548387,0.193548387,0,0,0,0.217213115,0.129098361,0.118852459,0.036885246,0.00204918,0.010245902
Tyler Glasnow,LAD,22,22,134.1,9,6,11,0,0,0,538,105,55,51,16,1,3,166,40,11.14,2.66,3.41,1.08,30.85501859,7.434944238,0.409090909,0.272727273,0.5,0,0,0,0.195167286,0.102230483,0.094795539,0.029739777,0.001858736,0.005576208
Yoshinobu Yamamoto,LAD,26,26,152,11,6,12,0,0,0,617,131,63,58,16,1,5,161,39,9.55,2.32,3.44,1.12,26.09400324,6.320907618,0.423076923,0.230769231,0.461538462,0,0,0,0.212317666,0.102106969,0.094003241,0.025931929,0.001620746,0.008103728
Max Meyer,MIA,21,26,117.1,6,8,8,0,0,0,508,119,66,60,18,1,5,101,42,7.75,3.2,4.63,1.37,19.88188976,8.267716535,0.230769231,0.307692308,0.307692308,0,0,0,0.234251969,0.12992126,0.118110236,0.035433071,0.001968504,0.00984252
Ryan Weathers,MIA,25,29,140,7,10,9,0,0,0,600,136,72,66,20,2,7,126,48,8.08,3.09,4.23,1.32,21,8,0.24137931,0.344827586,0.310344828,0,0,0,0.226666667,0.12,0.11,0.033333333,0.003333333,0.011666667
Sandy Alcantara,MIA,24,24,153,8,8,11,0,0,0,636,146,69,64,16,1,6,134,39,7.86,2.29,3.74,1.21,21.06918239,6.132075472,0.333333333,0.333333333,0.458333333,0,0,0,0.229559748,0.108490566,0.100628931,0.025157233,0.001572327,0.009433962
Aaron Civale,MIL,26,26,145.1,8,8,9,0,0,0,614,142,77,71,23,1,6,135,43,8.38,2.66,4.39,1.27,21.98697068,7.003257329,0.307692308,0.307692308,0.346153846,0,0,0,0.231270358,0.125407166,0.115635179,0.037459283,0.001628664,0.009771987
Brandon Woodruff,MIL,21,21,124.2,8,6,10,0,0,0,512,109,56,52,17,1,5,133,35,9.58,2.53,3.75,1.16,25.9765625,6.8359375,0.380952381,0.285714286,0.476190476,0,0,0,0.212890625,0.109375,0.1015625,0.033203125,0.001953125,0.009765625
Freddy Peralta,MIL,29,29,168.1,11,9,12,0,0,0,696,139,77,71,23,1,8,193,60,10.31,3.23,3.8,1.18,27.72988506,8.620689655,0.379310345,0.310344828,0.413793103,0,0,0,0.199712644,0.110632184,0.102011494,0.033045977,0.001436782,0.011494253
Nestor Cortes,MIL,24,32,142.2,9,8,10,0,0,0,586,129,67,62,22,1,4,140,37,8.86,2.35,3.91,1.17,23.89078498,6.313993174,0.28125,0.25,0.3125,0,0,0,0.220136519,0.114334471,0.105802048,0.037542662,0.001706485,0.006825939
Tobias Myers,MIL,25,25,136.1,8,7,9,0,0,0,576,133,71,65,22,1,5,124,41,8.18,2.73,4.29,1.28,21.52777778,7.118055556,0.32,0.28,0.36,0,0,0,0.230902778,0.123263889,0.112847222,0.038194444,0.001736111,0.008680556
Bailey Ober,MIN,29,29,171.2,11,9,13,0,0,0,697,150,82,75,26,1,6,177,41,9.29,2.14,3.94,1.11,25.39454806,5.882352941,0.379310345,0.310344828,0.448275862,0,0,0,0.215208034,0.117647059,0.107604017,0.037302726,0.00143472,0.008608321
David Festa,MIN,17,30,102.2,6,6,6,0,1,0,432,93,49,45,13,1,4,110,37,9.62,3.21,3.96,1.26,25.46296296,8.564814815,0.2,0.2,0.2,0,0.033333333,0,0.215277778,0.113425926,0.104166667,0.030092593,0.002314815,0.009259259
Joe Ryan,MIN,28,28,163.2,10,9,13,0,0,0,661,142,75,69,25,1,7,180,35,9.9,1.95,3.81,1.08,27.23146747,5.295007564,0.357142857,0.321428571,0.464285714,0,0,0,0.214826021,0.113464448,0.104387292,0.037821483,0.001512859,0.010590015
Pablo Lopez,MIN,31,31,186.2,12,10,15,0,0,0,767,170,84,77,23,1,8,197,45,9.51,2.19,3.72,1.16,25.68448501,5.867014342,0.387096774,0.322580645,0.483870968,0,0,0,0.221642764,0.109517601,0.100391134,0.029986962,0.001303781,0.010430248
Clay Holmes,NYM,18,45,129.2,8,7,8,3,1,6,555,122,57,53,10,2,7,123,50,8.58,3.45,3.65,1.32,22.16216216,9.009009009,0.177777778,0.155555556,0.177777778,0.066666667,0.022222222,0.133333333,0.21981982,0.102702703,0.095495495,0.018018018,0.003603604,0.012612613
Kodai Senga,NYM,26,30,149.2,11,7,11,0,0,0,635,125,67,62,18,1,8,165,65,9.94,3.93,3.72,1.27,25.98425197,10.23622047,0.366666667,0.233333333,0.366666667,0,0,0,0.196850394,0.105511811,0.097637795,0.028346457,0.001574803,0.012598425
Sean Manaea,NYM,29,30,169.1,10,8,12,0,0,0,707,149,84,77,23,1,8,171,58,9.11,3.06,4.09,1.22,24.18670438,8.203677511,0.333333333,0.266666667,0.4,0,0,0,0.210749646,0.118811881,0.108910891,0.032531825,0.001414427,0.011315417
Carlos Rodon,NYY,29,29,163.2,12,10,12,0,0,0,677,140,80,74,26,1,7,184,53,10.13,2.93,4.06,1.18,27.17872969,7.828655835,0.413793103,0.344827586,0.413793103,0,0,0,0.206794682,0.11816839,0.109305761,0.038404727,0.001477105,0.010339734
Clarke Schmidt,NYY,21,33,126.2,8,7,6,0,1,0,534,116,59,55,17,2,8,127,41,9,2.91,3.89,1.24,23.78277154,7.677902622,0.242424242,0.212121212,0.181818182,0,0.03030303,0,0.217228464,0.110486891,0.102996255,0.031835206,0.003745318,0.014981273
Gerrit Cole,NYY,29,29,174,12,8,14,0,0,0,712,152,79,73,25,1,6,181,48,9.34,2.47,3.75,1.14,25.42134831,6.741573034,0.413793103,0.275862069,0.482758621,0,0,0,0.213483146,0.110955056,0.10252809,0.03511236,0.001404494,0.008426966
Luis Gil,NYY,27,31,146.2,11,8,10,0,0,0,623,119,73,67,20,2,7,162,71,9.95,4.34,4.09,1.29,26.00321027,11.3964687,0.35483871,0.258064516,0.322580645,0,0,0,0.191011236,0.11717496,0.107544141,0.032102729,0.003210273,0.011235955
Marcus Stroman,NYY,17,33,109.2,6,7,6,0,2,0,475,111,58,54,14,1,4,86,40,7.03,3.31,4.4,1.38,18.10526316,8.421052632,0.181818182,0.212121212,0.181818182,0,0.060606061,0,0.233684211,0.122105263,0.113684211,0.029473684,0.002105263,0.008421053
Max Fried,NYY,28,28,167.1,12,8,14,0,0,0,690,148,68,62,16,1,6,159,48,8.54,2.6,3.34,1.18,23.04347826,6.956521739,0.428571429,0.285714286,0.5,0,0,0,0.214492754,0.098550725,0.089855072,0.023188406,0.001449275,0.008695652
Aaron Nola,PHI,30,30,185.2,12,9,15,0,0,0,762,172,87,80,27,1,5,184,45,8.91,2.16,3.88,1.17,24.14698163,5.905511811,0.4,0.3,0.5,0,0,0,0.225721785,0.114173228,0.104986877,0.035433071,0.001312336,0.00656168
Andrew Painter,PHI,12,17,68.1,4,3,4,0,0,0,291,64,36,33,10,0,3,65,25,8.59,3.24,4.38,1.3,22.33676976,8.591065292,0.235294118,0.176470588,0.235294118,0,0,0,0.219931271,0.12371134,0.113402062,0.034364261,0,0.010309278
Cristopher Sanchez,PHI,29,29,168,10,8,13,0,0,0,699,160,72,67,16,3,5,145,45,7.79,2.39,3.57,1.22,20.74391989,6.43776824,0.344827586,0.275862069,0.448275862,0,0,0,0.228898426,0.103004292,0.095851216,0.022889843,0.004291845,0.007153076
Jesus Luzardo,PHI,24,31,143.1,9,8,11,0,0,0,599,128,70,64,20,1,5,147,48,9.22,3,4.04,1.23,24.5409015,8.013355593,0.290322581,0.258064516,0.35483871,0,0,0,0.213689482,0.116861436,0.106844741,0.033388982,0.001669449,0.008347245
Ranger Suarez,PHI,27,32,157.1,10,8,11,0,0,0,660,148,70,65,16,1,5,142,49,8.15,2.81,3.7,1.25,21.51515152,7.424242424,0.3125,0.25,0.34375,0,0,0,0.224242424,0.106060606,0.098484848,0.024242424,0.001515152,0.007575758
Zack Wheeler,PHI,30,30,191.2,14,8,18,0,0,0,772,158,76,70,21,1,8,205,48,9.63,2.26,3.28,1.08,26.55440415,6.21761658,0.466666667,0.266666667,0.6,0,0,0,0.204663212,0.098445596,0.090673575,0.027202073,0.001295337,0.010362694
Bubba Chandler,PIT,17,17,92,5,6,6,0,0,0,397,87,49,45,12,0,4,85,38,8.31,3.74,4.45,1.37,21.41057935,9.571788413,0.294117647,0.352941176,0.352941176,0,0,0,0.219143577,0.123425693,0.113350126,0.0302267,0,0.010075567
Jared Jones,PIT,28,32,162,9,10,12,0,0,0,677,144,77,71,21,1,8,168,53,9.35,2.97,3.93,1.22,24.81536189,7.828655835,0.28125,0.3125,0.375,0,0,0,0.212703102,0.113737075,0.104874446,0.031019202,0.001477105,0.011816839
Mitch Keller,PIT,30,30,179.2,10,11,13,0,0,0,764,176,92,85,22,1,11,166,54,8.3,2.71,4.25,1.28,21.72774869,7.068062827,0.333333333,0.366666667,0.433333333,0,0,0,0.230366492,0.120418848,0.111256545,0.028795812,0.001308901,0.014397906
Paul Skenes,PIT,29,29,176,12,7,15,0,0,0,703,136,59,54,14,1,7,220,48,11.24,2.46,2.76,1.05,31.29445235,6.827880512,0.413793103,0.24137931,0.517241379,0,0,0,0.193456615,0.083926031,0.076813656,0.019914651,0.001422475,0.009957326
Dylan Cease,SDP,31,31,183.1,12,9,14,0,0,0,754,147,78,72,21,1,6,216,68,10.59,3.34,3.53,1.17,28.64721485,9.018567639,0.387096774,0.290322581,0.451612903,0,0,0,0.194960212,0.103448276,0.095490716,0.027851459,0.00132626,0.00795756
Michael King,SDP,29,30,170,12,9,12,0,0,1,707,146,73,67,19,3,7,187,59,9.88,3.12,3.56,1.2,26.44978784,8.345120226,0.4,0.3,0.4,0,0,0.033333333,0.206506365,0.103253182,0.09476662,0.026874116,0.004243281,0.00990099
Yu Darvish,SDP,24,24,141,9,8,10,0,0,0,584,128,70,64,21,1,7,136,39,8.7,2.49,4.12,1.19,23.28767123,6.678082192,0.375,0.333333333,0.416666667,0,0,0,0.219178082,0.119863014,0.109589041,0.035958904,0.001712329,0.011986301
Bryan Woo,SEA,25,25,138,9,7,10,0,0,0,557,121,62,57,18,1,6,131,28,8.56,1.81,3.69,1.08,23.51885099,5.026929982,0.36,0.28,0.4,0,0,0,0.217235189,0.111310592,0.102333932,0.032315978,0.001795332,0.010771993
Bryce Miller,SEA,30,30,171,11,9,12,0,0,0,695,148,78,72,24,1,6,163,43,8.58,2.27,3.77,1.12,23.45323741,6.18705036,0.366666667,0.3,0.4,0,0,0,0.21294964,0.112230216,0.103597122,0.034532374,0.001438849,0.008633094
George Kirby,SEA,30,30,180.2,12,9,15,0,0,0,726,169,77,71,22,1,7,170,25,8.44,1.23,3.51,1.07,23.41597796,3.443526171,0.4,0.3,0.5,0,0,0,0.232782369,0.106060606,0.097796143,0.03030303,0.00137741,0.009641873
Logan Gilbert,SEA,31,31,194.2,12,9,16,0,0,0,776,162,80,74,25,2,5,201,39,9.27,1.82,3.4,1.03,25.90206186,5.025773196,0.387096774,0.290322581,0.516129032,0,0,0,0.208762887,0.103092784,0.095360825,0.032216495,0.00257732,0.006443299
Luis Castillo,SEA,30,30,182.1,12,10,14,0,0,0,747,159,81,74,24,2,6,183,51,9.04,2.51,3.67,1.15,24.49799197,6.827309237,0.4,0.333333333,0.466666667,0,0,0,0.212851406,0.108433735,0.099062918,0.032128514,0.002677376,0.008032129
Jordan Hicks,SFG,21,36,121.2,7,8,7,1,1,1,530,116,61,56,12,1,7,109,53,8.09,3.96,4.15,1.39,20.56603774,10,0.194444444,0.222222222,0.194444444,0.027777778,0.027777778,0.027777778,0.218867925,0.11509434,0.105660377,0.022641509,0.001886792,0.013207547
Justin Verlander,SFG,22,22,125.1,8,8,9,0,0,0,527,123,64,59,18,0,5,106,34,7.62,2.45,4.24,1.25,20.11385199,6.451612903,0.363636364,0.363636364,0.409090909,0,0,0,0.233396584,0.121442125,0.111954459,0.034155598,0,0.009487666
Kyle Harrison,SFG,26,26,140.1,8,8,10,0,0,0,596,128,70,64,19,1,8,142,52,9.13,3.36,4.13,1.28,23.82550336,8.724832215,0.307692308,0.307692308,0.384615385,0,0,0,0.214765101,0.117449664,0.10738255,0.031879195,0.001677852,0.013422819
Logan Webb,SFG,31,31,196.2,13,10,17,0,0,0,811,188,82,75,15,1,6,168,45,7.71,2.05,3.44,1.18,20.71516646,5.548705302,0.419354839,0.322580645,0.548387097,0,0,0,0.231812577,0.101109741,0.092478422,0.018495684,0.001233046,0.007398274
Robbie Ray,SFG,26,26,144,9,9,11,0,0,0,603,126,69,64,22,1,8,161,50,10.06,3.15,3.99,1.22,26.69983416,8.291873964,0.346153846,0.346153846,0.423076923,0,0,0,0.208955224,0.114427861,0.106135987,0.036484245,0.001658375,0.013266998
Erick Fedde,STL,30,30,172.2,10,11,11,0,0,0,727,166,85,78,22,1,6,151,53,7.86,2.75,4.08,1.27,20.77028886,7.290233838,0.333333333,0.366666667,0.366666667,0,0,0,0.228335626,0.116918845,0.107290234,0.030261348,0.001375516,0.008253095
Quinn Mathews,STL,15,16,82,5,5,7,0,0,0,350,76,40,37,10,0,4,76,32,8.35,3.48,4.08,1.31,21.71428571,9.142857143,0.3125,0.3125,0.4375,0,0,0,0.217142857,0.114285714,0.105714286,0.028571429,0,0.011428571
Sonny Gray,STL,28,28,167.2,11,8,13,0,0,0,685,145,71,65,18,1,6,180,46,9.68,2.49,3.49,1.14,26.27737226,6.715328467,0.392857143,0.285714286,0.464285714,0,0,0,0.211678832,0.103649635,0.094890511,0.026277372,0.001459854,0.008759124
Drew Rasmussen,TBR,17,33,109.2,7,6,7,0,2,0,446,97,45,41,11,0,3,108,27,8.83,2.18,3.36,1.13,24.21524664,6.053811659,0.212121212,0.181818182,0.212121212,0,0.060606061,0,0.217488789,0.100896861,0.091928251,0.024663677,0,0.006726457
Ryan Pepiot,TBR,28,28,152,10,9,11,0,0,0,630,127,71,65,22,1,8,160,53,9.49,3.11,3.87,1.18,25.3968254,8.412698413,0.357142857,0.321428571,0.392857143,0,0,0,0.201587302,0.112698413,0.103174603,0.034920635,0.001587302,0.012698413
Shane Baz,TBR,24,31,140.2,8,7,10,0,0,0,589,124,68,62,19,1,7,134,49,8.58,3.17,3.98,1.23,22.75042445,8.319185059,0.258064516,0.225806452,0.322580645,0,0,0,0.210526316,0.115449915,0.105263158,0.032258065,0.001697793,0.01188455
Shane McClanahan,TBR,24,27,140,10,7,11,0,0,0,573,118,58,54,17,1,4,153,43,9.82,2.78,3.44,1.15,26.70157068,7.504363002,0.37037037,0.259259259,0.407407407,0,0,0,0.205933682,0.10122164,0.094240838,0.029668412,0.001745201,0.006980803
Taj Bradley,TBR,29,29,162.1,10,10,12,0,0,0,673,144,76,70,24,2,5,176,52,9.75,2.9,3.89,1.21,26.15156018,7.726597325,0.344827586,0.344827586,0.413793103,0,0,0,0.213967311,0.112927192,0.104011887,0.035661218,0.002971768,0.007429421
Zack Littell,TBR,23,32,135,7,8,8,0,1,0,564,137,68,63,21,2,5,116,29,7.73,1.94,4.18,1.23,20.56737589,5.141843972,0.21875,0.25,0.25,0,0.03125,0,0.242907801,0.120567376,0.111702128,0.037234043,0.003546099,0.008865248
Jack Leiter,TEX,16,30,104.1,4,7,5,0,1,0,454,98,62,57,16,1,6,106,47,9.15,4.08,4.89,1.39,23.34801762,10.35242291,0.133333333,0.233333333,0.166666667,0,0.033333333,0,0.215859031,0.136563877,0.125550661,0.035242291,0.002202643,0.013215859
Jacob deGrom,TEX,20,20,113.2,7,4,10,0,0,0,448,89,42,38,13,0,4,142,25,11.28,2,3.03,1,31.69642857,5.580357143,0.35,0.2,0.5,0,0,0,0.198660714,0.09375,0.084821429,0.029017857,0,0.008928571
Jon Gray,TEX,24,32,139.2,8,8,9,0,0,0,589,134,72,67,20,1,5,125,43,8.08,2.8,4.3,1.27,21.22241087,7.300509338,0.25,0.25,0.28125,0,0,0,0.227504244,0.122241087,0.113752122,0.033955857,0.001697793,0.008488964
Kumar Rocker,TEX,21,27,114.1,6,7,8,0,0,0,475,103,53,49,14,1,5,119,35,9.36,2.75,3.85,1.21,25.05263158,7.368421053,0.222222222,0.259259259,0.296296296,0,0,0,0.216842105,0.111578947,0.103157895,0.029473684,0.002105263,0.010526316
Nathan Eovaldi,TEX,26,26,158,10,8,13,0,0,0,652,144,74,68,21,1,6,153,42,8.7,2.38,3.85,1.18,23.46625767,6.441717791,0.384615385,0.307692308,0.5,0,0,0,0.220858896,0.113496933,0.104294479,0.032208589,0.001533742,0.009202454
Bowden Francis,TOR,23,31,140.1,10,8,9,0,0,0,579,127,71,65,24,1,7,131,37,8.37,2.36,4.16,1.17,22.62521589,6.390328152,0.322580645,0.258064516,0.290322581,0,0,0,0.219343696,0.122625216,0.112262522,0.041450777,0.001727116,0.01208981
Chris Bassitt,TOR,30,30,176.2,11,11,13,0,0,0,751,167,87,80,22,1,11,164,59,8.34,3.02,4.09,1.28,21.83754993,7.856191744,0.366666667,0.366666667,0.433333333,0,0,0,0.222370173,0.115845539,0.106524634,0.029294274,0.001331558,0.014647137
Jose Berrios,TOR,30,30,185.1,12,11,14,0,0,0,779,179,94,87,28,1,10,160,52,7.77,2.51,4.22,1.24,20.53915276,6.675224647,0.4,0.366666667,0.466666667,0,0,0,0.229781772,0.120667522,0.111681643,0.035943517,0.001283697,0.01283697
Kevin Gausman,TOR,30,30,183,12,10,15,0,0,0,762,173,86,79,23,1,4,184,52,9.05,2.58,3.88,1.23,24.14698163,6.824146982,0.4,0.333333333,0.5,0,0,0,0.227034121,0.112860892,0.103674541,0.030183727,0.001312336,0.005249344
Max Scherzer,TOR,19,21,109,7,6,9,0,0,0,445,95,51,47,17,0,5,114,29,9.45,2.36,3.87,1.13,25.61797753,6.516853933,0.333333333,0.285714286,0.428571429,0,0,0,0.213483146,0.114606742,0.105617978,0.038202247,0,0.011235955
Cade Cavalli,WSN,14,28,87.2,5,5,6,0,1,0,377,81,45,42,11,1,6,82,36,8.45,3.66,4.28,1.33,21.75066313,9.549071618,0.178571429,0.178571429,0.214285714,0,0.035714286,0,0.214854111,0.119363395,0.111405836,0.029177719,0.00265252,0.015915119
DJ Herz,WSN,24,38,134,7,10,7,0,1,0,575,112,66,61,17,1,6,150,66,10.1,4.42,4.1,1.33,26.08695652,11.47826087,0.184210526,0.263157895,0.184210526,0,0.026315789,0,0.194782609,0.114782609,0.106086957,0.029565217,0.00173913,0.010434783
MacKenzie Gore,WSN,30,30,166.1,10,10,11,0,0,0,704,150,78,72,20,1,7,179,63,9.67,3.4,3.9,1.28,25.42613636,8.948863636,0.333333333,0.333333333,0.366666667,0,0,0,0.213068182,0.110795455,0.102272727,0.028409091,0.001420455,0.009943182
Jose Quintana,,23,24,131.1,7,7,9,0,0,0,568,132,69,63,16,1,5,104,49,7.15,3.34,4.33,1.37,18.30985915,8.626760563,0.291666667,0.291666667,0.375,0,0,0,0.232394366,0.121478873,0.110915493,0.028169014,0.001760563,0.008802817
Nick Pivetta,,24,25,136.1,8,9,10,0,0,0,560,118,66,61,21,1,4,154,41,10.2,2.72,4.01,1.17,27.5,7.321428571,0.32,0.36,0.4,0,0,0,0.210714286,0.117857143,0.108928571,0.0375,0.001785714,0.007142857
