#,Name,Team,G,AB,PA,H,1B,2B,3B,HR,R,RBI,BB,IBB,SO,HBP,SF,SH,SB,CS,AVG
1,Aaron Judge,NYY,146,520,639,149,73,24,1,50,107,121,107,12,163,6,5,0,6,2,0.286
2,Gunnar Henderson,BAL,152,585,664,157,88,31,6,33,100,92,69,1,155,6,4,0,15,4,0.268
3,Bobby Witt Jr.,KCR,153,607,667,175,104,35,8,28,105,91,47,4,112,6,6,1,38,11,0.289
4,Juan Soto,NYM,153,538,674,143,82,27,2,32,102,90,127,7,115,4,4,1,7,3,0.266
5,Shohei Ohtani,LAD,145,553,643,160,84,28,6,42,117,109,79,12,143,5,4,1,31,12,0.289
6,José Ramírez,CLE,153,590,661,163,93,35,4,31,97,95,60,13,78,4,6,1,32,9,0.276
7,Mookie Betts,LAD,148,563,652,154,92,32,3,28,96,89,75,1,88,7,5,1,14,4,0.274
8,Yordan Alvarez,HOU,136,506,591,152,84,32,1,35,91,99,70,9,97,9,5,0,2,1,0.3
9,Cal Raleigh,SEA,142,506,572,111,58,22,1,30,66,86,57,2,162,5,4,0,3,1,0.22
10,Corey Seager,TEX,127,484,549,137,78,27,1,31,76,87,54,7,94,5,4,0,1,1,0.282
11,William Contreras,MIL,148,545,619,144,93,27,2,21,75,83,64,2,134,5,3,1,5,2,0.263
12,Kyle Tucker,CHC,148,551,640,152,87,31,3,31,94,98,79,6,97,3,6,0,22,5,0.275
13,Adley Rutschman,BAL,146,537,613,139,90,28,2,19,73,73,66,3,97,5,5,1,2,1,0.258
14,Julio Rodríguez,SEA,147,581,641,160,102,28,3,26,89,84,46,3,156,9,3,0,30,7,0.275
15,Vladimir Guerrero Jr.,TOR,154,586,667,173,109,33,1,30,94,99,68,7,92,7,4,1,6,2,0.296
16,Francisco Lindor,NYM,153,593,671,151,90,30,2,29,92,85,58,1,130,10,5,1,23,6,0.254
17,Ketel Marte,ARI,141,539,614,148,86,30,3,29,87,95,64,4,112,6,4,1,6,2,0.275
18,Fernando Tatis Jr.,SDP,146,564,632,151,88,30,2,32,97,89,56,1,142,7,4,1,26,6,0.268
19,Corbin Carroll,ARI,150,570,653,147,86,30,9,22,102,74,66,1,130,9,4,3,40,7,0.258
20,Francisco Alvarez,NYM,123,415,465,93,57,17,1,19,52,58,40,1,119,6,3,1,1,1,0.224
21,Ronald Acuña Jr.,ATL,116,449,520,128,83,24,2,20,87,61,58,2,93,8,3,0,41,10,0.285
22,Trea Turner,PHI,146,581,636,162,106,30,3,23,87,81,39,0,124,6,4,1,24,5,0.278
23,Austin Riley,ATL,150,579,649,154,91,31,2,30,88,93,54,1,156,10,5,0,1,1,0.266
24,Rafael Devers,BOS,145,554,629,149,84,31,2,32,85,99,64,10,134,7,4,0,3,1,0.27
25,Bryce Harper,PHI,144,534,624,149,87,33,1,27,88,90,80,9,133,5,4,1,9,5,0.279
26,Patrick Bailey,SFG,113,388,430,89,61,18,1,9,42,41,35,1,102,3,4,1,2,1,0.229
27,Willy Adames,SFG,150,568,642,139,82,29,1,27,81,83,63,2,157,3,5,0,13,3,0.244
28,Manny Machado,SDP,149,574,634,151,95,26,1,29,82,89,51,4,122,2,5,1,9,2,0.263
29,Will Smith,LAD,123,436,503,110,67,21,2,19,64,67,50,3,91,10,6,0,2,1,0.252
30,Isaac Paredes,HOU,141,514,594,124,77,22,1,25,74,74,63,1,96,12,5,0,1,0,0.242
31,Freddie Freeman,LAD,146,553,637,157,101,33,2,21,87,83,70,9,101,8,5,1,14,3,0.284
32,Bo Bichette,TOR,140,560,602,157,109,30,1,16,74,72,34,1,113,4,4,1,12,3,0.28
33,Alex Bregman,BOS,145,556,633,144,90,29,2,23,78,81,63,1,83,7,7,1,2,1,0.259
34,Carlos Correa,MIN,120,453,516,124,80,24,1,19,65,66,51,2,99,4,4,0,0,0,0.273
35,Jackson Merrill,SDP,152,586,631,157,99,32,4,22,80,78,35,2,110,3,5,3,14,4,0.267
36,Austin Wells,NYY,122,415,468,93,56,21,1,15,51,52,44,1,108,5,3,1,4,1,0.225
37,Marcus Semien,TEX,149,582,656,145,89,29,3,23,83,76,58,0,106,4,4,1,12,4,0.249
38,Matt Chapman,SFG,148,549,624,131,74,29,3,24,79,76,63,1,159,7,5,0,8,2,0.238
39,Michael Harris II,ATL,141,548,594,151,98,30,3,20,84,72,36,2,119,6,3,1,21,6,0.276
40,Jazz Chisholm Jr.,NYY,141,541,600,133,80,22,4,27,88,72,50,2,154,5,4,1,34,9,0.245
41,Brent Rooker,ATH,142,533,602,134,71,25,1,37,85,92,54,2,180,10,4,0,7,2,0.252
42,Elly De La Cruz,CIN,150,582,648,146,86,30,6,24,99,73,56,2,204,5,3,1,47,12,0.251
43,Brandon Lowe,TBR,115,427,482,105,58,21,2,24,63,71,46,1,123,6,3,0,5,1,0.245
44,Mike Trout,LAA,107,398,463,103,53,19,2,29,69,73,55,3,121,7,3,0,6,2,0.259
45,Xander Bogaerts,SDP,145,539,605,146,103,27,1,16,75,68,46,1,110,6,5,1,14,3,0.271
46,Alejandro Kirk,TOR,108,366,413,93,66,18,0,9,45,44,39,1,52,5,3,0,0,0,0.255
47,Jose Altuve,HOU,142,563,625,151,100,29,1,21,83,73,51,1,108,6,3,1,16,5,0.268
48,Riley Greene,DET,142,538,609,141,89,26,5,21,79,73,62,2,158,5,4,0,6,2,0.263
49,Jarren Duran,BOS,148,587,646,156,97,35,7,17,92,68,49,1,149,7,3,1,32,7,0.266
50,Sean Murphy,ATL,110,375,430,87,53,17,1,16,52,53,41,1,103,9,3,0,0,0,0.232
51,Yainer Diaz,HOU,134,510,543,140,95,26,1,18,63,68,24,1,97,4,4,1,1,0,0.274
52,Jordan Westburg,BAL,136,522,571,133,80,29,3,20,71,70,37,1,133,7,4,1,9,2,0.255
53,Ozzie Albies,ATL,145,568,624,149,92,31,4,21,81,77,43,1,100,6,6,1,12,3,0.262
54,Jeremy Peña,HOU,152,585,634,154,109,27,2,15,78,65,31,1,119,10,5,2,19,5,0.264
55,Bo Naylor,CLE,109,353,395,74,45,15,1,13,43,44,36,1,111,3,2,1,6,2,0.211
56,Shea Langeliers,ATH,128,456,502,105,57,19,2,28,63,69,37,1,137,5,4,1,4,1,0.231
57,Dansby Swanson,CHC,149,555,623,134,89,25,1,19,73,73,54,1,155,4,4,1,15,4,0.241
58,Danny Jansen,TBR,98,326,371,74,42,15,1,15,42,48,36,0,74,6,3,0,1,0,0.226
59,Steven Kwan,CLE,147,567,640,158,119,26,4,9,77,60,61,1,59,5,5,2,16,5,0.278
60,Wyatt Langford,TEX,140,528,593,135,83,28,4,20,80,65,55,3,119,6,4,1,18,4,0.256
61,Pete Alonso,NYM,153,575,659,138,77,24,1,36,86,97,65,4,153,14,5,1,4,1,0.24
62,Junior Caminero,TBR,131,517,559,136,91,22,2,22,66,75,33,2,111,5,4,1,5,1,0.264
63,Matt Olson,ATL,155,575,665,144,81,28,1,33,89,98,78,6,157,6,5,1,1,0,0.25
64,CJ Abrams,WSN,139,541,595,134,86,27,4,18,77,63,36,2,120,11,4,3,33,9,0.248
65,Randy Arozarena,SEA,146,537,620,127,81,24,2,20,81,65,64,1,157,15,4,1,28,8,0.237
66,Anthony Santander,TOR,148,567,635,139,75,27,1,35,82,98,54,2,130,8,5,0,2,1,0.245
67,Jackson Chourio,MIL,148,580,630,155,99,31,4,21,80,83,41,3,134,5,4,1,24,6,0.268
68,Gleyber Torres,DET,146,557,626,141,96,26,1,17,71,69,58,1,115,4,6,1,10,3,0.253
69,Royce Lewis,MIN,122,460,508,117,70,24,1,23,65,69,40,2,114,4,4,1,8,2,0.255
70,Ian Happ,CHC,150,560,646,133,81,29,2,21,80,77,76,1,160,6,4,0,11,3,0.238
71,Max Muncy,LAD,125,438,521,94,49,19,1,26,68,74,72,3,135,6,4,0,2,0,0.216
72,J.P. Crawford,SEA,132,480,555,113,79,22,1,11,58,53,63,0,111,6,3,2,3,1,0.236
73,Jung Hoo Lee,SFG,121,470,519,133,88,32,3,9,63,55,40,2,51,4,4,1,7,2,0.283
74,Kyle Schwarber,PHI,149,549,657,122,63,20,1,38,92,100,98,3,188,6,3,0,4,2,0.223
75,Matt McLain,CIN,126,481,541,122,74,25,3,20,72,67,48,1,147,8,3,1,18,5,0.254
76,Logan O'Hoppe,LAA,126,450,497,107,65,20,1,21,58,63,37,1,134,6,3,1,3,1,0.238
77,Luis Robert Jr.,CHW,135,526,574,132,79,27,2,24,78,71,35,2,168,8,3,0,27,5,0.25
78,Taylor Ward,LAA,149,564,639,143,89,28,2,24,79,77,62,0,147,8,5,1,7,2,0.253
79,Zach Neto,LAA,122,447,498,109,67,22,1,18,64,56,33,1,116,13,3,2,18,5,0.243
80,J.T. Realmuto,PHI,115,407,456,103,66,20,2,16,59,56,32,1,112,7,3,0,11,3,0.254
81,Brandon Nimmo,NYM,139,516,600,127,80,24,4,18,76,63,68,1,136,10,3,2,5,2,0.245
82,Bryan Reynolds,PIT,148,578,650,155,101,28,4,22,82,84,58,3,143,9,4,1,9,3,0.267
83,Andrés Giménez,TOR,143,542,596,139,99,25,3,11,75,54,30,2,104,16,4,4,29,7,0.257
84,Ryan Jeffers,MIN,106,366,411,87,52,17,1,17,49,51,33,0,96,8,3,2,2,1,0.237
85,Masyn Winn,STL,143,564,615,144,98,28,4,13,72,62,40,0,111,3,4,3,16,4,0.256
86,Ha-Seong Kim,TBR,108,388,443,93,62,18,1,11,54,42,44,2,81,4,3,3,18,4,0.238
87,Teoscar Hernández,LAD,146,564,619,146,90,27,2,28,85,87,44,1,178,7,4,1,10,3,0.259
88,Iván Herrera,STL,97,327,370,82,57,16,1,8,42,37,35,0,81,4,2,1,4,1,0.251
89,Yandy Díaz,TBR,141,545,614,150,107,27,1,14,72,69,59,0,91,6,3,1,2,1,0.275
90,Alec Bohm,PHI,144,559,612,152,105,30,1,16,70,73,41,1,94,5,6,0,4,1,0.272
91,Xavier Edwards,MIA,134,515,576,144,112,25,4,4,68,42,47,2,83,2,4,7,31,6,0.28
92,Nolan Arenado,STL,144,557,612,141,94,27,1,19,67,74,44,2,91,5,6,1,4,1,0.254
93,Anthony Volpe,NYY,146,554,610,130,84,27,4,15,74,58,43,0,140,7,5,1,25,6,0.234
94,Willson Contreras,STL,132,476,559,118,72,23,1,22,74,71,59,1,139,17,3,1,6,2,0.249
95,Tyler Stephenson,CIN,119,417,469,107,71,19,1,16,53,59,41,1,112,7,4,0,1,0,0.256
96,Evan Carter,TEX,115,401,454,98,60,20,4,14,61,46,44,2,108,5,3,1,13,4,0.245
97,Lawrence Butler,ATH,145,540,592,131,79,27,2,23,74,68,45,1,149,2,4,1,15,4,0.242
98,Christian Walker,HOU,146,549,622,129,75,24,1,30,79,84,60,2,138,8,5,1,6,1,0.235
99,Salvador Perez,KCR,143,530,585,135,85,24,1,25,65,87,31,4,128,10,6,0,1,0,0.255
100,Ezequiel Tovar,COL,149,601,642,158,98,34,3,22,76,78,29,0,172,5,5,3,12,3,0.263
101,Byron Buxton,MIN,104,391,433,95,48,23,2,22,59,61,31,1,120,8,3,0,8,2,0.243
102,Jacob Wilson,ATH,125,454,491,122,90,24,2,6,51,43,25,1,58,5,3,3,4,1,0.268
103,Gabriel Moreno,ARI,119,403,451,109,78,22,2,7,52,48,39,1,77,5,3,1,5,2,0.27
104,JJ Bleday,ATH,143,524,597,119,66,28,2,22,70,68,64,1,126,4,5,1,4,1,0.228
105,Oneil Cruz,PIT,144,553,613,136,82,28,3,22,81,74,52,3,179,4,4,0,23,5,0.246
106,Cody Bellinger,NYY,134,518,575,130,80,25,2,23,70,72,47,4,98,4,6,0,14,3,0.251
107,Eugenio Suárez,ARI,144,535,604,124,74,24,1,24,71,84,54,0,174,9,5,1,1,0,0.232
108,Marcell Ozuna,ATL,148,557,626,143,85,25,1,32,84,94,61,1,152,4,4,1,1,0,0.257
109,Nico Hoerner,CHC,125,479,527,131,100,22,2,6,63,48,34,1,60,9,4,1,26,6,0.273
110,Brendan Donovan,STL,135,504,569,136,96,26,2,12,66,61,48,1,78,11,4,1,5,2,0.27
111,Cedric Mullins,BAL,131,468,521,108,67,20,3,17,70,52,42,1,106,5,4,2,30,6,0.231
112,Josh Naylor,ARI,140,534,596,144,90,29,1,24,75,87,50,6,90,7,5,1,8,2,0.269
113,Daulton Varsho,TOR,136,493,551,108,62,22,3,21,69,63,48,1,139,5,3,2,15,3,0.219
114,Colton Cowser,BAL,136,488,554,116,71,23,2,20,69,65,54,2,168,8,3,1,9,3,0.238
115,Keibert Ruiz,WSN,124,449,485,108,74,21,0,13,45,57,25,1,56,6,4,1,2,1,0.24
116,Zack Gelof,ATH,139,523,575,117,71,23,2,20,71,58,42,1,186,5,3,2,22,5,0.223
117,Luis Arraez,SDP,147,593,643,185,146,31,3,6,73,69,38,4,32,5,5,2,7,3,0.312
118,Tyler O'Neill,BAL,115,419,477,98,57,16,1,25,63,67,48,2,145,7,3,0,7,2,0.235
119,Victor Robles,SEA,130,442,505,106,75,21,2,8,61,36,37,1,106,13,3,10,31,7,0.24
120,Bryson Stott,PHI,141,519,574,131,92,25,3,12,70,55,46,1,99,3,5,1,24,6,0.253
121,Jackson Holliday,BAL,120,413,467,99,63,21,3,11,56,47,47,2,121,3,2,1,8,3,0.239
122,Joey Ortiz,MIL,140,495,549,120,81,24,4,10,60,55,44,1,113,5,3,2,11,3,0.242
123,Josh Lowe,TBR,126,462,508,113,68,26,2,17,65,58,40,3,149,2,4,1,23,4,0.244
124,Jonah Heim,TEX,102,355,387,78,51,15,1,12,39,42,27,1,76,2,3,0,1,0,0.221
125,Jonathan India,KCR,138,506,590,126,84,26,2,14,74,60,63,0,119,16,4,1,13,4,0.248
126,Christian Yelich,MIL,120,450,522,118,79,22,2,15,68,60,64,5,113,3,3,1,21,4,0.263
127,Seiya Suzuki,CHC,129,490,559,126,80,25,2,19,72,69,59,2,140,6,4,0,13,4,0.257
128,Joc Pederson,TEX,110,368,429,91,51,15,2,23,60,59,48,3,98,9,3,1,4,1,0.246
129,Trevor Story,BOS,112,415,466,98,60,21,1,15,59,53,36,2,133,5,4,1,19,5,0.235
130,Kyle Higashioka,TEX,81,264,287,54,31,10,0,13,31,36,18,0,83,1,2,1,1,0,0.206
131,Pete Crow-Armstrong,CHC,136,489,535,117,77,22,5,13,66,52,32,2,141,7,3,4,25,7,0.238
132,Mark Vientos,NYM,145,553,606,129,77,24,1,26,69,80,44,1,180,5,4,1,1,0,0.233
133,Jake Cronenworth,SDP,142,525,596,126,81,27,3,15,69,63,54,1,109,9,5,1,5,1,0.24
134,Luis García Jr.,WSN,136,517,555,139,97,25,2,15,63,65,30,2,89,2,5,1,15,5,0.268
135,Brenton Doyle,COL,143,544,596,136,86,25,4,21,79,64,40,1,172,5,4,3,26,6,0.25
136,Tommy Edman,LAD,131,486,533,119,80,23,3,13,70,54,36,1,95,5,4,2,25,4,0.244
137,Travis d'Arnaud,LAA,72,241,270,57,36,11,0,10,30,34,18,0,69,4,2,0,1,0,0.236
138,Jorge Polanco,SEA,115,418,472,94,59,17,1,17,50,59,45,1,127,4,4,0,4,1,0.225
139,Luis Rengifo,LAA,129,489,535,124,87,19,3,14,67,53,35,1,89,6,4,1,20,6,0.253
140,Vinnie Pasquantino,KCR,139,532,596,140,85,32,2,21,71,79,52,3,79,6,6,1,1,0,0.263
141,Joey Bart,PIT,97,331,367,78,52,14,1,12,39,44,26,0,102,7,2,0,1,0,0.236
142,James Wood,WSN,137,520,587,135,86,29,3,17,75,66,59,2,162,4,4,0,17,5,0.26
143,Brayan Rocchio,CLE,139,469,519,108,77,22,2,8,54,45,38,1,100,6,4,2,13,5,0.231
144,Brandon Marsh,PHI,126,432,491,104,67,20,3,14,63,50,50,1,154,4,3,2,14,4,0.24
145,Ryan McMahon,COL,147,549,622,132,82,26,2,21,73,73,65,2,180,4,4,0,7,2,0.24
146,Christopher Morel,TBR,126,462,518,106,61,19,3,23,67,67,46,1,142,5,4,1,11,4,0.229
147,Miguel Amaya,CHC,94,299,336,68,46,13,1,8,33,36,25,1,72,7,2,3,1,0,0.228
148,Garrett Mitchell,MIL,116,404,455,93,60,17,3,14,57,48,42,1,141,4,2,2,20,4,0.231
149,Lars Nootbaar,STL,121,425,492,101,66,19,2,14,59,53,60,2,100,2,3,1,7,2,0.238
150,Triston Casas,BOS,139,497,575,120,69,23,2,26,73,81,70,4,152,4,3,0,1,0,0.242
151,Nolan Schanuel,LAA,133,481,560,124,91,20,2,12,66,52,65,1,91,8,5,2,7,2,0.259
152,Geraldo Perdomo,ARI,129,443,514,104,75,20,3,6,57,37,50,1,91,6,4,12,14,4,0.234
153,Jonny DeLuca,TBR,119,415,455,96,60,20,3,12,52,46,30,1,92,5,3,2,15,3,0.231
154,Josh Jung,TEX,122,466,505,113,72,21,2,18,58,60,29,1,140,6,3,0,4,1,0.243
155,Willi Castro,MIN,130,481,537,118,80,23,4,11,66,49,39,0,127,12,4,2,18,5,0.245
156,Lane Thomas,CLE,129,490,543,119,75,26,2,16,70,58,42,0,135,7,4,0,22,7,0.243
157,Nathaniel Lowe,WSN,141,516,591,134,95,22,2,15,66,65,67,2,129,4,4,1,2,1,0.26
158,Jorge Soler,LAA,129,473,546,109,60,22,1,26,68,73,61,1,138,6,3,0,1,0,0.23
159,Parker Meadows,DET,131,487,540,110,69,22,5,14,63,51,44,1,130,4,4,1,16,5,0.225
160,Jurickson Profar,ATL,142,524,605,131,87,26,1,16,75,64,64,2,99,9,4,3,6,2,0.249
161,Nick Gonzales,PIT,113,425,466,110,72,25,3,9,51,51,29,1,106,7,4,1,5,2,0.259
162,George Springer,TOR,137,524,592,126,84,22,2,18,73,64,54,0,112,7,4,1,14,4,0.24
163,Victor Caratini,HOU,63,206,231,48,35,7,0,6,24,24,19,1,47,3,2,1,1,0,0.235
164,Matt Shaw,CHC,115,430,472,105,72,18,2,13,55,51,32,1,103,5,3,1,14,4,0.244
165,Brice Turang,MIL,139,512,567,125,91,23,3,8,65,48,46,1,107,2,4,3,34,6,0.245
166,Lourdes Gurriel Jr.,ARI,133,517,560,142,95,28,2,18,68,75,32,1,100,5,5,0,6,2,0.275
167,Connor Norby,MIA,133,499,549,121,76,26,2,16,61,61,41,0,158,5,3,0,10,3,0.242
168,Kerry Carpenter,DET,121,436,483,110,64,21,3,22,60,67,36,2,119,7,4,0,4,2,0.252
169,Jake McCarthy,ARI,128,458,508,119,85,21,5,7,67,44,34,1,93,8,3,5,30,6,0.259
170,Christian Vázquez,MIN,80,271,295,63,46,11,0,5,28,28,15,0,61,2,2,2,3,1,0.233
171,Dylan Moore,SEA,104,327,379,65,39,14,2,11,48,33,39,1,113,9,2,1,25,6,0.2
172,Spencer Steer,CIN,136,499,568,122,73,28,2,19,70,69,56,1,117,8,5,0,13,3,0.244
173,Jo Adell,LAA,122,427,470,94,54,19,2,20,58,55,34,1,141,6,2,0,13,4,0.219
174,Michael Massey,KCR,117,427,465,105,65,23,2,15,52,58,26,1,91,5,4,2,5,1,0.247
175,Josh Smith,TEX,96,332,378,79,52,16,1,9,44,36,33,1,78,9,3,2,7,2,0.238
176,Jake Burger,TEX,141,533,583,128,74,22,2,29,73,80,36,1,156,9,4,1,2,1,0.239
177,Trevor Larnach,MIN,117,415,471,102,64,20,1,16,57,56,48,1,123,5,3,0,3,1,0.245
178,Maikel Garcia,KCR,130,488,536,124,90,24,3,6,63,46,39,0,97,2,4,3,23,6,0.254
179,Yasmani Grandal,,55,174,200,39,27,7,0,5,21,21,21,0,45,1,1,1,1,0,0.223
180,Tyler Fitzgerald,SFG,133,487,532,112,70,24,2,17,64,56,33,0,165,7,3,2,17,4,0.231
181,Jasson Domínguez,NYY,129,469,522,113,74,21,2,16,65,53,45,2,128,3,3,1,19,4,0.241
182,Wilyer Abreu,BOS,118,411,463,97,56,23,2,16,58,55,45,1,124,4,3,0,9,3,0.237
183,Paul Goldschmidt,NYY,142,545,607,132,83,26,1,22,72,72,53,1,155,3,4,1,8,2,0.242
184,Jake Meyers,HOU,112,385,425,90,59,18,1,11,49,42,30,0,101,6,3,1,8,2,0.232
185,Connor Wong,BOS,105,365,398,88,57,18,1,11,45,42,23,0,107,5,3,2,8,2,0.24
186,Jeff McNeil,NYM,121,441,487,111,79,23,1,8,50,47,32,1,66,9,3,1,3,1,0.252
187,TJ Friedl,CIN,120,444,504,108,71,18,3,16,63,54,41,1,84,10,4,5,16,4,0.244
188,Carson Kelly,CHC,81,266,298,59,40,11,0,8,29,33,25,0,62,4,2,0,1,0,0.221
189,Yoán Moncada,LAA,110,401,446,98,64,19,2,12,51,47,38,0,121,4,3,1,3,1,0.243
190,Adolis García,TEX,143,550,607,124,72,24,2,27,76,74,46,1,171,7,5,0,13,3,0.226
191,Ryan Mountcastle,BAL,124,474,517,123,82,23,1,17,59,63,34,1,119,4,5,0,3,1,0.26
192,Matt Vierling,DET,116,434,480,109,73,21,3,11,54,49,36,0,98,4,4,1,8,2,0.25
193,Isiah Kiner-Falefa,PIT,124,452,490,118,93,18,2,6,53,42,25,0,78,7,3,3,16,4,0.261
194,Matt Wallner,MIN,126,445,507,99,56,22,2,20,62,61,47,2,174,13,3,0,3,1,0.223
195,Heliot Ramos,SFG,135,515,566,129,84,25,2,19,68,65,40,1,151,5,4,1,8,3,0.251
196,Andrew Vaughn,CHW,142,546,600,138,90,28,1,19,65,72,40,0,121,9,5,1,1,0,0.252
197,Jake Rogers,DET,93,306,340,62,36,13,1,12,34,39,26,0,104,4,2,1,2,1,0.202
198,Ke'Bryan Hayes,PIT,125,480,522,119,86,22,3,9,57,51,34,1,101,3,4,1,15,4,0.249
199,Michael Conforto,LAD,116,413,471,98,61,19,1,18,58,61,46,2,107,7,4,0,1,0,0.238
200,Austin Hedges,CLE,59,170,191,31,22,5,0,4,15,14,11,0,56,2,1,4,2,1,0.182
201,Dylan Crews,WSN,134,523,574,126,84,24,3,14,67,57,38,0,128,8,3,1,22,7,0.241
202,Luis Campusano,SDP,82,278,302,67,47,12,0,8,30,34,18,0,50,3,2,0,0,0,0.24
203,Gary Sánchez,BAL,67,219,248,45,27,7,0,11,27,32,22,0,68,4,2,0,0,0,0.207
204,Thairo Estrada,COL,114,436,467,116,79,22,2,13,56,51,20,0,90,8,3,1,14,4,0.266
205,Luke Raley,SEA,118,404,454,90,54,16,2,18,54,55,31,0,140,15,3,2,11,2,0.224
206,Jeimer Candelario,CIN,120,449,496,110,65,23,2,19,59,66,37,1,117,6,3,0,5,1,0.244
207,Ramón Urías,BAL,79,268,297,64,44,12,1,8,32,32,21,0,66,4,2,1,1,0,0.239
208,Andy Pages,LAD,81,293,325,69,41,16,1,11,39,41,24,1,80,5,2,0,3,1,0.237
209,Jesús Sánchez,MIA,134,482,535,118,74,23,2,19,63,64,44,2,138,5,3,1,9,2,0.246
210,Otto Lopez,MIA,115,427,463,111,82,21,3,6,50,40,27,1,84,4,3,2,16,4,0.261
211,Ryan O'Hearn,BAL,103,360,398,93,60,18,2,13,47,48,31,2,70,3,3,1,3,1,0.259
212,Edouard Julien,MIN,81,272,316,63,42,12,1,8,37,30,39,1,100,3,2,0,4,1,0.23
213,José Caballero,TBR,82,277,308,61,41,13,1,7,39,25,21,0,78,7,2,1,23,6,0.22
214,Kristian Campbell,BOS,70,259,289,67,46,13,1,7,35,31,24,1,67,4,2,1,6,2,0.258
215,Leody Taveras,TEX,96,339,372,80,54,15,2,9,45,33,27,1,83,1,3,2,15,4,0.235
216,Nolan Gorman,STL,112,399,445,86,49,16,1,21,51,61,39,1,149,4,3,0,5,1,0.216
217,Jose Siri,NYM,103,361,394,74,42,14,2,16,49,45,25,0,143,4,2,1,14,4,0.206
218,Mitch Garver,SEA,80,272,315,56,33,10,0,13,34,39,36,0,93,4,2,0,1,0,0.205
219,Alek Thomas,ARI,85,286,311,71,47,15,2,7,36,34,20,1,62,2,2,1,6,2,0.247
220,Dillon Dingler,DET,65,222,242,49,31,10,1,7,24,26,15,0,68,4,2,0,1,1,0.22
221,Rhys Hoskins,MIL,129,464,535,101,55,20,1,24,62,78,59,1,145,7,4,0,4,1,0.217
222,Elias Díaz,SDP,88,303,331,69,48,12,0,8,32,35,21,1,74,2,2,0,0,0,0.228
223,Andrew Benintendi,CHW,113,422,469,106,74,19,2,11,50,49,40,2,77,2,4,1,6,2,0.251
224,Orlando Arcia,ATL,125,453,496,104,72,18,0,14,52,55,34,0,104,3,3,1,1,0,0.23
225,Colt Keith,DET,130,476,520,123,83,23,4,13,58,57,37,2,107,3,4,0,5,2,0.258
226,Chas McCormick,HOU,109,370,412,84,57,14,1,12,49,41,33,0,109,6,3,1,12,3,0.227
227,Jacob Stallings,COL,82,260,296,63,43,12,1,7,30,30,26,0,69,4,2,2,1,0,0.241
228,LaMonte Wade Jr.,SFG,108,366,435,85,57,15,1,11,49,42,57,3,88,6,3,3,2,1,0.231
229,Ben Rortvedt,TBR,67,205,230,42,29,9,0,4,21,20,20,0,61,3,1,1,1,0,0.205
230,Spencer Horwitz,PIT,101,364,414,94,64,21,1,8,45,45,42,1,74,5,3,0,2,1,0.258
231,Jordan Lawlar,ARI,59,220,242,55,37,11,2,5,30,25,17,0,61,3,2,0,9,2,0.25
232,Chase Meidroth,CHW,60,215,244,53,39,10,1,3,26,20,24,0,42,3,1,0,4,1,0.248
233,Gio Urshela,ATH,98,358,385,92,68,16,1,7,38,37,21,1,66,2,3,0,1,0,0.257
234,Brooks Lee,MIN,104,380,411,92,65,18,1,8,41,41,26,2,70,2,3,1,3,1,0.242
235,Ceddanne Rafaela,BOS,109,408,433,97,64,19,3,11,51,44,16,1,110,5,3,1,16,4,0.237
236,Ernie Clement,TOR,89,311,331,78,56,15,1,6,35,33,13,1,34,2,3,2,7,2,0.251
237,Michael Busch,CHC,134,487,551,111,68,24,2,17,61,67,53,1,155,7,4,0,3,1,0.229
238,Miguel Vargas,CHW,104,355,401,83,52,20,1,10,44,41,38,1,85,4,3,1,8,2,0.233
239,Alex Verdugo,,99,396,438,101,70,21,1,9,46,47,34,1,66,3,4,1,3,1,0.255
240,Josh Rojas,CHW,101,347,392,80,56,16,1,7,42,33,37,1,86,2,3,3,11,3,0.231
241,Kyle Isbel,KCR,122,410,451,94,62,19,4,8,52,39,29,1,98,5,3,4,14,4,0.228
242,Jonathan Aranda,TBR,104,356,400,86,54,17,1,14,45,50,35,1,100,6,3,0,1,0,0.241
243,Jacob Young,WSN,129,451,497,109,85,19,2,3,52,32,30,1,96,7,3,6,24,6,0.242
244,Tyler Soderstrom,ATH,135,479,528,109,65,21,2,21,58,63,40,2,144,5,4,0,2,1,0.227
245,Colson Montgomery,CHW,104,373,417,78,52,16,1,9,40,38,35,2,119,7,2,0,3,1,0.21
246,Endy Rodríguez,PIT,94,340,374,84,54,21,2,7,38,40,27,1,74,3,3,0,2,1,0.246
247,Juan Brito,CLE,73,266,297,63,41,15,1,6,31,30,25,1,54,2,2,1,4,1,0.236
248,Hyeseong Kim,LAD,104,389,421,96,69,18,3,5,49,37,26,1,80,2,3,0,15,3,0.246
249,Ramón Laureano,BAL,70,242,269,56,36,11,1,9,32,30,18,0,77,6,2,0,7,2,0.231
250,Donovan Solano,SEA,92,319,353,79,58,15,1,6,34,36,25,0,77,6,2,0,1,0,0.249
251,Dalton Rushing,LAD,48,132,149,30,18,6,0,5,17,18,13,0,38,3,1,0,1,0,0.227
252,Johan Rojas,PHI,83,278,300,67,49,12,2,4,35,21,13,0,61,3,2,5,17,3,0.241
253,Edgar Quero,CHW,48,162,180,41,27,9,0,5,20,20,14,0,33,3,1,0,1,0,0.254
254,Carson Williams,TBR,51,143,157,33,20,7,1,5,19,18,11,0,51,2,1,0,4,1,0.231
255,Harrison Bader,MIN,87,304,328,71,47,14,1,8,39,31,17,1,68,5,2,1,15,4,0.232
256,MJ Melendez,KCR,120,421,473,94,52,23,3,16,56,57,46,1,123,3,4,0,6,2,0.222
257,Richie Palacios,TBR,81,273,311,64,44,13,1,5,35,27,31,1,56,3,2,1,9,2,0.234
258,Giancarlo Stanton,NYY,91,342,382,77,43,12,0,22,46,56,35,1,115,2,2,0,0,0,0.225
259,Wenceel Pérez,DET,90,333,367,80,53,16,4,7,43,34,28,0,72,2,3,1,10,3,0.241
260,Jace Jung,DET,97,313,355,68,43,15,1,9,36,36,37,1,94,3,2,0,2,1,0.216
261,James McCann,,53,176,194,40,28,7,0,5,20,21,11,0,50,2,1,1,2,1,0.23
262,Heston Kjerstad,BAL,99,341,377,84,54,17,2,11,43,43,26,1,97,7,3,0,2,1,0.247
263,Tyler Freeman,CLE,42,140,156,36,26,7,0,2,18,14,10,0,23,5,1,1,5,1,0.26
264,Mike Yastrzemski,SFG,121,421,476,91,52,21,2,16,53,53,45,2,126,5,3,2,4,1,0.217
265,Christian Moore,LAA,68,256,279,59,38,11,1,10,31,31,18,0,80,3,1,1,3,1,0.229
266,Alec Burleson,STL,118,443,483,115,80,20,1,14,53,57,31,0,67,3,4,1,5,2,0.26
267,Ty France,MIN,100,371,414,94,67,18,0,9,44,43,27,0,75,13,3,0,0,0,0.255
268,Freddy Fermin,KCR,78,265,289,63,44,12,1,6,28,30,19,0,57,2,2,1,1,0,0.237
269,Gavin Lux,CIN,113,395,440,99,68,18,3,10,51,46,40,1,97,2,3,0,7,2,0.25
270,Luis Urías,ATH,63,203,230,43,28,8,0,6,24,22,20,0,53,5,1,0,2,0,0.212
271,Jordan Walker,STL,127,468,512,113,74,24,2,13,57,55,35,1,123,6,3,0,7,2,0.242
272,Jose Trevino,CIN,68,223,243,53,37,8,0,7,24,28,15,0,43,2,2,1,1,0,0.236
273,Nick Castellanos,PHI,148,574,624,145,92,30,2,21,72,78,38,1,145,6,5,1,7,2,0.252
274,Pedro Pagés,STL,56,185,203,42,29,8,0,5,20,21,14,0,52,2,1,0,1,0,0.226
275,Kyle Teel,CHW,48,169,188,39,27,8,1,4,19,17,16,0,48,1,1,0,2,1,0.231
276,Jake Fraley,CIN,104,362,404,91,61,18,2,10,50,42,34,1,80,5,3,0,17,5,0.251
277,Esteury Ruiz,ATH,45,148,164,36,24,7,1,3,23,11,10,0,37,4,1,2,17,3,0.241
278,Roman Anthony,BOS,92,336,377,82,53,18,2,9,45,39,36,1,94,2,2,1,7,2,0.243
279,Sal Frelick,MIL,113,403,445,101,76,19,3,3,46,37,34,1,66,4,3,1,13,3,0.252
280,Tyrone Taylor,NYM,82,270,294,61,37,14,1,9,33,31,16,0,70,5,2,1,7,2,0.224
281,Jesse Winker,NYM,103,348,408,81,55,15,1,10,47,39,50,1,86,6,2,1,5,2,0.232
282,Christian Encarnacion-Strand,CIN,95,360,392,94,59,18,1,16,46,55,23,1,102,5,3,0,2,1,0.261
283,Brendan Rodgers,HOU,56,210,228,50,35,9,0,6,24,24,14,0,54,2,1,0,0,0,0.238
284,Taylor Walls,TBR,61,199,226,41,27,9,1,4,25,17,23,0,57,1,2,1,10,3,0.204
285,Trent Grisham,NYY,61,191,223,38,22,8,1,7,26,22,26,1,61,3,1,2,4,1,0.199
286,Trey Sweeney,DET,72,246,271,52,33,11,2,6,28,25,20,1,75,3,1,0,5,2,0.211
287,Seth Brown,ATH,92,319,350,72,42,15,1,15,40,41,25,1,95,2,2,0,5,1,0.225
288,Luis Torrens,NYM,47,143,156,32,21,6,0,4,15,16,10,0,40,1,1,0,1,0,0.223
289,Masataka Yoshida,BOS,95,352,391,96,67,19,1,9,45,45,30,2,51,7,2,0,2,1,0.271
290,Will Wagner,TOR,81,293,325,74,53,15,1,5,35,31,27,0,60,3,2,1,2,1,0.253
291,Javier Báez,DET,83,303,328,69,47,13,1,8,34,33,15,0,79,4,2,0,7,2,0.227
292,Chris Taylor,LAD,73,240,272,53,34,11,1,7,33,28,26,0,85,3,1,1,6,2,0.22
293,Jose Iglesias,SDP,66,234,253,64,48,12,1,3,27,26,10,0,41,4,1,0,3,1,0.273
294,Caleb Durbin,MIL,66,242,268,58,41,12,1,4,29,25,18,1,34,5,2,1,10,2,0.24
295,Angel Martínez,CLE,46,166,185,40,27,9,1,4,20,18,14,0,36,2,1,1,3,1,0.243
296,Javier Sanoja,MIA,49,163,174,45,32,9,1,2,19,16,9,1,13,1,1,1,6,2,0.274
297,Nolan Jones,COL,122,430,491,104,66,23,2,13,59,50,54,3,148,4,2,1,11,3,0.243
298,José Tena,WSN,89,326,352,80,56,16,1,7,36,35,20,0,95,3,2,1,7,3,0.245
299,Agustin Ramirez,MIA,62,220,241,53,35,11,0,7,25,27,18,1,50,2,1,0,3,1,0.24
300,Mickey Moniak,LAA,84,302,325,66,39,14,2,12,37,36,17,1,95,3,2,1,6,2,0.22
301,Jarred Kelenic,ATL,68,240,266,56,33,13,1,9,33,30,22,1,75,2,2,0,6,2,0.233
302,Dairon Blanco,KCR,64,162,177,37,26,7,1,3,25,12,10,0,45,2,1,1,18,4,0.232
303,Oliver Dunn,MIL,76,240,269,51,32,11,2,6,28,27,24,1,88,3,1,1,5,2,0.212
304,Blake Perkins,MIL,66,223,251,48,33,10,1,4,26,22,23,0,66,2,2,1,9,2,0.217
305,Tyler Black,MIL,70,241,273,56,37,12,2,6,31,27,25,1,62,4,2,0,9,2,0.231
306,Will Brennan,CLE,73,254,274,67,49,13,1,4,29,28,15,1,37,3,2,0,6,2,0.264
307,Drew Romo,COL,57,194,208,47,32,10,1,4,21,21,10,0,44,2,2,1,3,1,0.243
308,Jon Berti,CHC,49,168,186,41,32,7,1,2,22,14,14,0,41,2,1,1,10,2,0.246
309,Thomas Saggese,STL,61,211,228,50,33,11,1,6,24,25,12,0,58,3,2,1,3,1,0.239
310,Oswaldo Cabrera,NYY,98,328,360,73,49,15,1,9,37,34,25,1,78,2,3,3,7,2,0.224
311,Austin Hays,CIN,110,394,428,96,61,21,1,13,46,53,24,0,96,6,3,1,3,1,0.245
312,Mike Tauchman,CHW,97,331,382,77,53,15,1,7,42,34,44,1,82,4,2,1,6,2,0.231
313,Miguel Rojas,LAD,52,175,194,45,33,9,0,2,22,18,12,0,25,2,1,1,4,1,0.254
314,Brooks Baldwin,CHW,47,167,182,39,26,8,1,4,19,17,12,1,41,1,1,1,4,1,0.234
315,Jonah Bride,MIA,104,362,415,88,60,17,1,10,45,43,41,0,80,7,3,1,2,1,0.244
316,Austin Slater,CHW,68,203,233,48,34,9,1,5,27,20,24,0,62,3,1,0,5,1,0.238
317,Nick Fortes,MIA,100,325,355,72,51,14,1,6,31,30,18,0,57,6,2,3,4,1,0.22
318,Connor Joe,SDP,81,279,318,63,42,13,1,8,36,31,32,0,72,5,2,0,3,1,0.227
319,Nick Yorke,PIT,54,199,218,51,36,10,1,4,24,23,15,1,48,2,1,0,5,2,0.255
320,Jorge Mateo,BAL,38,130,140,29,19,6,1,3,19,11,7,0,35,1,1,1,11,2,0.226
321,Derek Hill,MIA,67,236,256,55,38,10,2,6,28,23,14,0,73,3,2,2,8,2,0.235
322,Tom Murphy,SFG,44,140,156,31,19,6,0,5,17,18,13,0,45,1,1,0,1,0,0.222
323,Bryan De La Cruz,ATL,62,235,254,59,39,12,1,8,30,31,15,0,63,1,2,0,2,1,0.252
324,Cole Young,SEA,33,120,134,28,20,6,0,2,14,12,11,0,25,1,1,0,3,1,0.236
325,Rob Refsnyder,BOS,62,205,234,52,36,10,0,6,28,26,22,0,57,4,2,0,3,1,0.255
326,Oswald Peraza,NYY,51,177,194,40,27,7,0,5,22,18,13,0,46,3,1,0,8,2,0.225
327,Dane Myers,MIA,70,225,246,54,38,10,1,6,27,24,15,0,68,3,1,1,6,1,0.242
328,Ryan Bliss,SEA,72,221,242,47,31,9,1,5,27,19,17,0,65,3,1,1,14,3,0.211
329,Santiago Espinal,CIN,65,218,237,56,41,10,0,4,24,23,15,1,35,2,2,1,5,2,0.257
330,Leo Jiménez,TOR,26,83,93,20,14,4,0,2,10,9,7,0,20,3,1,0,1,0,0.241
331,Lenyn Sosa,CHW,96,358,381,87,59,17,1,10,36,42,16,1,82,2,3,2,2,1,0.242
332,Jose Miranda,MIN,89,328,355,84,57,18,1,8,37,39,19,1,55,5,3,0,2,1,0.256
333,Coby Mayo,BAL,46,151,167,35,21,8,1,5,18,19,13,1,48,2,1,0,1,0,0.23
334,Luis Matos,SFG,50,178,193,45,31,10,1,4,21,20,11,0,24,2,2,1,3,1,0.254
335,Tyler Heineman,TOR,47,134,152,27,20,5,0,2,14,11,12,0,34,2,1,2,2,1,0.198
336,Amed Rosario,WSN,60,223,237,58,44,9,2,3,26,21,10,0,46,2,2,0,8,2,0.26
337,Kyle Farmer,COL,78,248,275,63,43,12,1,7,31,29,17,0,56,6,2,1,4,1,0.255
338,Riley Adams,WSN,33,108,120,23,15,5,0,3,12,13,9,0,36,3,1,0,0,0,0.214
339,Randal Grichuk,ARI,72,252,273,63,40,13,1,9,31,37,17,0,55,3,2,0,1,0,0.251
340,Stuart Fairchild,CIN,69,212,238,48,29,10,1,8,29,25,18,0,64,5,1,2,8,2,0.226
341,Edmundo Sosa,PHI,55,183,199,43,28,8,1,5,22,21,9,0,49,5,1,1,4,1,0.234
342,Orelvis Martinez,TOR,57,199,217,43,25,10,0,8,22,27,14,1,58,3,1,0,1,0,0.217
343,Adrian Del Castillo,ARI,45,157,173,35,22,8,1,5,18,21,13,1,45,2,1,0,1,0,0.224
344,Jared Triolo,PIT,66,228,254,54,38,11,1,4,27,24,22,0,67,2,2,0,5,1,0.238
345,Mark Canha,MIL,66,227,263,55,38,10,1,5,29,26,26,0,53,9,2,0,3,1,0.242
346,J.D. Martinez,,91,359,399,85,50,19,1,14,45,51,32,0,113,3,3,0,1,0,0.236
347,Austin Barnes,LAD,41,129,146,28,21,5,0,2,15,12,12,0,33,1,1,1,2,1,0.216
348,Darell Hernaiz,ATH,35,115,125,28,20,5,0,2,13,11,7,0,22,1,1,1,2,1,0.241
349,Rafael Marchán,PHI,38,126,139,29,20,6,0,2,13,13,10,0,24,2,1,0,1,0,0.227
350,DJ LeMahieu,NYY,84,299,334,71,53,12,1,5,33,29,31,0,63,2,2,1,1,0,0.236
351,Whit Merrifield,,51,186,203,46,33,9,1,3,24,17,14,0,35,1,2,1,9,2,0.247
352,Ezequiel Duran,TEX,62,214,230,51,34,11,1,5,26,22,12,0,57,2,1,0,5,1,0.238
353,Drake Baldwin,ATL,33,115,127,27,19,5,0,3,13,13,10,0,28,1,1,0,0,0,0.234
354,Eloy Jiménez,TBR,64,234,255,59,41,10,0,8,27,31,17,1,51,2,2,0,1,0,0.254
355,Brett Baty,NYM,40,141,157,32,22,6,0,4,16,16,13,0,41,1,1,0,1,0,0.227
356,Blake Sabol,BOS,18,55,61,12,8,2,0,1,7,6,5,0,18,1,0,0,1,0,0.224
357,Josh Bell,WSN,133,492,555,119,80,20,1,17,59,66,53,2,111,4,5,0,1,0,0.242
358,Eric Haase,MIL,40,127,138,26,17,4,0,5,13,17,9,0,47,1,1,0,1,0,0.207
359,Carlos Narvaez,BOS,56,171,191,36,24,7,0,4,19,19,17,1,57,2,1,0,2,1,0.208
360,Victor Scott II,STL,68,231,252,51,36,10,2,3,29,18,14,0,54,3,2,3,14,3,0.222
361,Kyle Manzardo,CLE,113,397,445,91,54,22,1,14,46,56,39,2,97,4,4,0,1,0,0.23
362,David Hamilton,BOS,40,137,151,30,20,6,1,3,20,12,12,0,39,1,1,1,11,2,0.221
363,Alex Jackson,NYY,40,121,133,23,14,5,0,4,12,14,9,0,40,2,1,0,0,0,0.193
364,Justin Turner,CHC,80,296,330,73,52,15,0,7,33,36,26,0,60,6,3,0,1,0,0.248
365,Davis Schneider,TOR,61,203,232,43,25,10,1,8,27,27,24,0,69,3,2,0,3,1,0.211
366,Gabriel Arias,CLE,45,152,164,35,24,7,0,4,17,16,10,0,48,2,1,0,3,1,0.231
367,Ronny Mauricio,NYM,28,105,112,25,17,5,0,3,13,11,6,0,26,1,1,0,3,1,0.242
368,Chandler Simpson,TBR,19,70,76,19,15,3,0,0,9,6,5,0,9,0,0,1,5,1,0.271
369,Max Schuemann,ATH,40,133,151,28,20,6,0,3,16,11,13,0,40,3,1,1,4,1,0.212
370,Enrique Hernández,LAD,73,252,277,57,37,13,1,7,29,31,20,0,55,2,2,0,1,0,0.226
371,Max Kepler,PHI,111,402,447,94,60,19,2,13,48,51,37,1,90,5,3,0,1,0,0.234
372,Dylan Carlson,BAL,37,120,136,28,18,6,1,3,15,14,12,0,31,2,1,0,1,0,0.23
373,Samuel Basallo,BAL,19,47,51,12,8,2,0,1,6,6,3,0,11,0,0,0,1,0,0.247
374,Paul DeJong,WSN,87,304,334,61,36,11,0,14,32,44,20,0,108,5,2,0,3,1,0.202
375,Matt Carpenter,,38,116,133,23,13,5,0,4,14,14,14,0,41,2,1,0,1,0,0.196
376,James Outman,LAD,30,102,115,22,13,4,1,4,14,13,11,0,37,2,1,0,2,1,0.213
377,Nick Allen,ATL,37,122,134,30,23,6,0,1,15,10,8,0,21,1,1,2,3,1,0.245
378,Matt Thaiss,CHW,41,131,149,26,18,5,0,3,14,13,16,0,39,1,1,0,1,0,0.201
379,Anthony Rendon,LAA,18,64,73,15,11,3,0,1,8,6,8,0,12,1,1,0,1,0,0.241
380,Wilmer Flores,SFG,93,330,369,79,52,15,0,11,39,42,31,1,55,4,3,0,0,0,0.239
381,Austin Martin,MIN,45,144,162,35,25,7,1,1,18,12,13,0,29,3,1,1,6,2,0.242
382,Chase DeLauter,CLE,41,151,164,38,25,8,0,4,17,18,10,1,29,1,1,0,2,1,0.248
383,Nick Senzel,CHW,27,93,104,21,14,4,0,3,12,11,9,0,23,1,1,0,2,1,0.228
384,Zach McKinstry,DET,66,217,239,48,32,10,2,4,26,19,19,0,53,2,2,1,7,2,0.222
385,Addison Barger,TOR,41,138,152,31,19,8,0,4,16,17,11,0,41,2,1,0,1,0,0.227
386,Miguel Andujar,ATH,73,283,303,73,53,13,1,6,31,29,16,1,41,2,2,0,4,1,0.258
387,Luisangel Acuña,NYM,44,171,183,41,30,7,1,3,21,15,9,0,38,1,1,1,8,2,0.24
388,Drew Millas,WSN,20,66,72,16,11,3,0,1,7,7,5,0,15,0,0,0,1,0,0.237
389,Jared Serna,MIA,26,96,104,23,16,5,0,2,11,11,6,0,20,1,1,0,2,1,0.243
390,Henry Davis,PIT,30,100,112,22,15,5,0,3,12,12,9,1,30,2,1,0,2,1,0.224
391,Abraham Toro,BOS,26,88,97,21,14,5,0,2,11,10,7,0,17,1,1,0,1,0,0.242
392,Michael A. Taylor,CHW,53,170,187,36,23,6,1,6,20,18,14,0,60,1,1,1,5,1,0.209
393,Travis Bazzana,CLE,38,133,148,28,18,6,0,4,15,15,12,0,43,2,1,0,2,1,0.212
394,Korey Lee,CHW,63,208,222,44,30,9,1,6,21,22,11,0,66,2,1,0,4,1,0.214
395,Ben Rice,NYY,26,86,97,19,11,4,0,4,12,12,9,0,24,1,1,0,1,0,0.226
396,Alan Roden,TOR,24,85,95,21,15,4,0,2,11,9,8,0,16,2,1,0,2,0,0.253
397,Vaughn Grissom,BOS,22,76,84,19,14,4,0,1,9,8,6,0,16,1,1,0,2,0,0.257
398,Christian Bethancourt,TOR,29,94,100,20,13,4,0,3,10,11,4,0,27,1,1,0,1,0,0.213
399,Daniel Schneemann,CLE,42,136,152,29,20,6,0,3,16,14,14,0,41,1,1,1,3,1,0.216
400,Starling Marte,NYM,71,271,298,69,51,11,2,5,36,25,18,0,63,6,2,1,14,3,0.254
401,Cavan Biggio,KCR,29,89,104,19,12,4,0,2,11,10,12,0,29,2,1,0,1,0,0.21
402,Sam Huff,SFG,15,40,44,9,6,2,0,1,4,4,3,0,15,0,0,0,0,0,0.213
403,Liam Hicks,MIA,27,90,102,21,15,5,0,1,9,9,9,0,17,2,1,0,1,0,0.235
404,Leo Rivas,SEA,24,72,82,15,11,3,0,1,8,5,8,0,21,1,0,1,3,1,0.211
405,Will Benson,CIN,58,183,210,37,20,8,1,7,27,22,23,0,74,2,1,1,9,2,0.202
406,Nacho Alvarez Jr.,ATL,14,50,55,13,9,2,0,1,6,5,5,0,11,1,0,0,1,0,0.256
407,Moises Ballesteros,CHC,13,38,41,9,6,2,0,1,4,5,3,0,8,0,0,0,0,0,0.246
408,Jason Heyward,SDP,89,291,325,64,41,12,1,9,36,34,27,1,68,4,2,0,4,1,0.221
409,Yan Gomes,,21,66,73,15,11,3,0,2,7,8,3,0,18,1,1,0,0,0,0.232
410,Curt Casali,ATL,20,57,66,12,9,2,0,1,7,6,6,0,16,1,0,1,0,0,0.213
411,Emmanuel Rodriguez,MIN,16,51,59,11,7,2,0,2,7,6,8,0,20,0,0,0,1,0,0.214
412,Jhonny Pereda,ATH,28,81,89,18,14,3,0,1,8,7,6,0,20,0,0,0,0,0,0.222
413,Casey Schmitt,SFG,31,102,110,24,16,5,0,3,11,12,6,0,26,1,1,0,1,0,0.233
414,Kevin Alcántara,CHC,14,49,53,12,8,2,0,1,6,6,3,0,15,0,0,0,1,0,0.239
415,Marcelo Mayer,BOS,12,45,49,11,7,3,0,1,6,5,4,0,12,0,0,0,1,0,0.245
416,Tommy Pham,PIT,113,429,477,103,72,20,2,9,54,46,41,0,108,4,3,1,12,3,0.241
417,Joey Gallo,CHW,54,173,202,31,15,5,0,10,24,27,26,0,76,2,1,0,1,0,0.181
418,Luke Keaschall,MIN,13,46,52,11,8,2,0,1,6,5,4,0,11,1,0,0,1,0,0.246
419,Andy Ibáñez,DET,59,192,209,44,30,9,1,5,21,21,14,0,43,2,1,0,2,1,0.231
420,Mauricio Dubón,HOU,96,342,365,83,63,16,1,5,35,32,16,0,52,2,3,2,4,1,0.244
421,David Fry,CLE,51,164,184,39,25,9,0,6,20,22,15,1,41,3,2,0,1,0,0.24
422,Wade Meckler,SFG,10,33,36,9,7,2,0,0,4,3,3,0,7,0,0,0,1,0,0.268
423,Carlos Santana,CLE,131,486,547,105,66,21,1,17,57,62,53,1,97,3,3,1,3,1,0.216
424,Garrett Hampson,ARI,78,168,185,39,28,8,1,2,21,15,13,0,48,1,1,2,6,2,0.235
425,Brett Wisely,SFG,46,148,163,33,23,7,1,3,16,14,12,0,39,1,1,1,3,1,0.224
426,Aledmys Díaz,,29,99,107,23,16,5,0,2,10,11,6,0,21,2,1,0,1,0,0.233
427,Adam Frazier,PIT,71,238,264,57,41,11,1,3,27,22,19,0,44,3,2,2,5,2,0.239
428,Noelvi Marte,CIN,51,184,199,44,30,9,0,5,22,21,12,0,50,2,1,0,6,2,0.239
429,Nick Loftin,KCR,35,115,128,27,20,5,0,2,13,11,9,0,21,1,1,1,2,1,0.236
430,Vidal Bruján,CHC,42,132,145,29,21,6,1,2,16,11,11,0,30,1,1,0,7,2,0.222
431,Drew Waters,KCR,31,105,115,24,15,6,1,2,13,11,9,0,36,1,1,0,3,1,0.228
432,Andruw Monasterio,MIL,40,127,141,28,20,6,0,2,14,13,12,0,35,1,1,0,4,1,0.223
433,Ji Hwan Bae,PIT,23,75,83,18,13,4,0,1,9,6,7,0,20,1,0,0,4,1,0.244
434,Spencer Torkelson,DET,63,228,257,50,29,11,1,9,27,30,25,1,69,3,2,0,1,0,0.219
435,Nathan Lukes,TOR,29,93,102,24,18,5,0,1,11,9,7,0,18,1,1,0,1,0,0.255
436,José Fermín,STL,17,42,47,10,7,2,0,1,5,4,4,0,6,1,0,1,2,0,0.242
437,Jake Mangum,TBR,39,145,154,35,25,7,1,1,15,13,6,0,32,2,1,0,4,1,0.242
438,Romy Gonzalez,BOS,34,107,115,25,17,5,1,3,14,12,7,0,33,1,1,0,4,1,0.237
439,Omar Narváez,CHW,18,52,58,11,8,2,0,1,5,5,5,0,12,1,0,0,0,0,0.209
440,Enmanuel Valdez,PIT,35,113,124,24,15,6,0,3,12,14,9,0,30,1,1,0,1,0,0.217
441,Pavin Smith,ARI,90,292,330,69,44,14,1,10,37,40,33,1,68,2,2,0,1,0,0.236
442,Max Muncy,ATH,18,65,71,14,9,3,0,2,7,6,4,0,22,1,0,0,1,0,0.214
443,Jack Suwinski,PIT,36,121,137,26,15,5,0,5,16,16,14,1,42,1,1,0,2,1,0.211
444,Hao-Yu Lee,DET,10,35,38,9,6,2,0,1,4,4,2,0,8,0,0,0,1,0,0.245
445,Chadwick Tromp,ATL,19,62,67,13,9,3,0,1,6,7,4,0,16,0,0,0,0,0,0.217
446,Alex Call,WSN,61,205,233,44,29,9,1,5,24,21,23,0,47,3,2,1,5,2,0.216
447,Jonatan Clase,TOR,12,37,41,8,5,2,0,1,5,4,3,0,12,0,0,0,2,0,0.22
448,Max Stassi,SFG,13,32,36,7,5,1,0,1,4,4,3,0,10,0,0,0,0,0,0.211
449,Jason Delay,PIT,22,68,74,15,11,3,0,1,6,6,4,0,16,1,0,1,1,0,0.223
450,Jeferson Quero,MIL,8,27,29,6,4,1,0,1,3,3,2,0,6,0,0,0,0,0,0.239
451,Luke Maile,KCR,15,46,51,10,7,2,0,1,5,5,4,0,15,1,0,0,0,0,0.212
452,Payton Eeles,MIN,9,26,29,6,4,1,0,1,3,3,2,0,6,1,0,0,1,0,0.242
453,Nick Maton,CHW,15,44,50,9,6,2,0,1,5,5,5,0,12,0,0,0,0,0,0.209
454,Dominic Canzone,SEA,35,114,124,25,16,5,0,4,12,14,9,0,29,1,1,0,1,0,0.219
455,Brett Harris,ATH,18,59,65,13,9,2,0,1,7,5,5,0,14,1,0,0,1,0,0.219
456,Joey Loperfido,TOR,35,118,130,26,17,5,1,3,15,13,9,0,42,2,1,0,3,1,0.221
457,Zach Dezenzo,HOU,19,66,72,15,10,3,0,2,8,7,5,0,21,1,0,0,1,0,0.23
458,Manuel Margot,MIL,24,81,88,20,15,4,0,1,9,9,6,0,14,1,1,0,2,1,0.251
459,Logan Driscoll,TBR,10,29,32,6,4,1,0,1,3,3,2,0,8,0,0,0,0,0,0.216
460,Kevin Newman,LAA,60,205,222,49,37,9,1,2,21,17,12,0,37,1,1,2,4,1,0.239
461,Jhonkensy Noel,CLE,96,335,365,75,46,15,1,14,38,46,22,1,101,6,2,0,1,0,0.224
462,Eguy Rosario,SDP,68,201,219,44,28,10,1,6,24,21,15,0,58,2,1,1,6,2,0.218
463,Ben Gamel,HOU,57,178,202,39,27,8,1,4,21,17,21,1,53,1,1,0,2,1,0.22
464,Johnathan Rodriguez,CLE,30,100,109,23,15,4,0,3,11,12,8,0,33,1,1,0,1,0,0.231
465,Jimmy Crooks,STL,3,10,11,2,2,0,0,0,1,1,1,0,3,0,0,0,0,0,0.24
466,Adael Amador,COL,15,50,56,12,9,2,0,1,6,5,5,0,10,0,0,0,2,1,0.249
467,Vinny Capra,MIL,21,64,70,14,10,3,0,1,6,6,5,0,16,1,0,0,1,0,0.225
468,Garrett Stubbs,PHI,25,79,88,16,12,3,0,1,9,6,7,0,23,1,0,0,2,0,0.202
469,Jorge Barrosa,ARI,16,47,52,11,7,2,0,1,6,5,4,0,11,1,0,0,1,0,0.233
470,Jair Camargo,MIN,12,28,30,6,4,1,0,1,3,3,2,0,10,0,0,0,0,0,0.203
471,Myles Straw,TOR,28,66,73,15,12,3,0,0,7,5,6,0,14,0,1,0,3,1,0.228
472,Corey Julks,CHW,36,94,103,22,15,5,0,2,11,9,8,0,24,1,1,0,3,1,0.232
473,Seby Zavala,BOS,14,41,46,8,5,2,0,1,4,5,3,0,17,1,0,0,0,0,0.19
474,Jakob Marsee,MIA,16,51,58,11,7,2,0,1,6,5,6,0,14,1,0,0,2,0,0.209
475,Luis Guillorme,HOU,27,78,88,18,14,3,0,0,8,6,8,0,17,0,1,1,1,0,0.226
476,Colby Thomas,ATH,43,159,171,35,21,8,1,5,18,17,8,0,51,2,1,0,3,1,0.218
477,Harold Ramírez,,7,22,23,6,4,1,0,0,2,2,1,0,4,0,0,0,0,0,0.262
478,Jacob Melton,HOU,55,200,216,41,27,8,1,5,24,19,13,0,60,1,1,0,8,2,0.206
479,Justyn-Henry Malloy,DET,36,123,140,27,17,5,0,4,15,15,15,0,41,2,1,0,1,0,0.221
480,Nasim Nuñez,WSN,12,28,32,6,5,1,0,0,3,2,3,0,7,0,0,0,2,0,0.225
481,Michael Stefanic,TOR,14,37,41,9,7,1,0,0,4,3,3,0,5,1,0,0,0,0,0.249
482,Martín Maldonado,SDP,16,49,56,9,6,2,0,2,5,6,4,0,19,1,0,1,0,0,0.185
483,Michael Siani,STL,75,229,255,47,35,8,1,3,26,15,19,0,66,2,1,3,11,2,0.206
484,Isaac Collins,MIL,15,38,43,8,6,2,0,1,4,4,4,0,10,0,0,0,1,0,0.218
485,Shay Whitcomb,HOU,17,54,59,12,8,2,0,2,6,6,4,0,17,1,0,0,1,0,0.215
486,Max Acosta,MIA,9,31,33,8,5,2,0,0,3,3,2,0,6,0,0,0,1,0,0.248
487,Blake Dunn,CIN,11,28,31,6,4,1,0,1,3,3,2,0,9,1,0,0,1,0,0.226
488,César Salazar,HOU,6,17,18,3,2,1,0,0,2,2,1,0,4,0,0,0,0,0,0.209
489,Miles Mastrobuoni,SEA,17,48,53,10,8,2,0,0,5,4,4,0,12,0,0,0,2,0,0.22
490,Jordan Beck,COL,98,347,381,83,52,19,2,10,43,40,29,1,111,2,2,0,8,2,0.239
491,Reese McGuire,CHC,9,30,33,6,5,1,0,0,3,3,2,0,9,0,0,0,0,0,0.21
492,Hunter Goodman,COL,82,288,312,68,38,16,1,13,35,41,17,0,86,4,2,0,2,1,0.235
493,Buddy Kennedy,PHI,11,33,37,7,5,2,0,1,4,4,3,0,8,0,0,0,0,0,0.225
494,Miguel Sanó,,17,59,67,13,7,3,0,3,8,9,7,0,23,1,0,0,0,0,0.215
495,Hunter Feduccia,LAD,4,13,14,3,2,1,0,0,1,1,1,0,4,0,0,0,0,0,0.216
496,Cal Stevenson,PHI,19,52,59,12,8,2,0,1,7,4,6,0,13,0,0,1,2,1,0.223
497,Tomás Nido,DET,17,52,57,11,8,2,0,1,5,5,3,0,14,0,0,1,0,0,0.212
498,Kevin Pillar,TEX,15,52,56,12,7,2,0,2,6,6,3,0,13,1,0,0,1,0,0.226
499,J.D. Davis,LAA,37,127,142,29,20,5,0,4,15,15,13,0,43,2,1,0,0,0,0.227
500,J.C. Escarra,NYY,10,31,34,6,4,1,0,1,3,3,3,0,6,0,0,0,0,0,0.209
