#,Name,Team,GS,G,IP,TBF,W,L,QS,SV,HLD,BS,H,R,ER,HR,IBB,HBP,SO,BB,K/9,BB/9,ERA,WHIP,K%,BB%
1,Mason Miller,ATH,0,62,68.2,274,3,2,0,27,4,3,47,23,21,7,2,3,99,24,12.92,3.12,2.81,1.04,36.13138686131387,8.75912408759124
2,Cade Smith,CLE,0,66,67.2,275,4,2,0,1,21,2,53,25,23,5,1,3,88,22,11.64,2.9,3.0,1.1,32.0,8.0
3,Edwin Diaz,NYM,0,64,64.1,261,5,3,0,34,3,6,46,23,21,6,1,3,92,23,12.87,3.23,3.0,1.08,35.24904214559387,8.812260536398467
4,Emmanuel Clase,CLE,0,67,67.2,268,4,3,0,37,3,5,57,22,20,4,1,2,65,13,8.61,1.72,2.65,1.03,24.253731343283583,4.850746268656716
5,Ryan Helsley,STL,0,62,65.0,264,5,4,0,34,4,5,49,22,21,6,2,2,80,24,11.1,3.34,2.85,1.13,30.303030303030305,9.090909090909092
6,Ryan Walker,SFG,0,68,70.1,287,5,4,0,22,7,4,57,26,24,6,1,4,84,22,10.66,2.77,3.02,1.11,29.268292682926827,7.665505226480835
7,Matt Strahm,PHI,0,64,64.0,257,5,3,0,5,16,5,51,25,23,7,1,3,77,16,10.76,2.25,3.2,1.04,29.961089494163424,6.22568093385214
8,Jhoan Duran,MIN,0,63,62.1,255,5,4,0,28,6,4,51,21,20,5,2,4,76,19,10.99,2.81,2.86,1.13,29.80392156862745,7.450980392156863
9,Griffin Jax,MIN,0,65,66.0,266,5,4,0,7,17,5,54,25,23,6,1,3,77,18,10.52,2.41,3.15,1.09,28.947368421052634,6.7669172932330826
10,Felix Bautista,BAL,0,56,57.1,232,4,3,0,27,4,4,39,19,17,5,1,2,83,24,13.04,3.73,2.7,1.1,35.775862068965516,10.344827586206897
11,Orion Kerkering,PHI,0,59,61.0,250,4,3,0,6,14,2,51,22,20,5,0,4,71,18,10.44,2.7,3.01,1.13,28.4,7.199999999999999
12,Jeff Hoffman,TOR,0,63,62.2,255,3,3,0,25,7,3,49,23,22,7,1,3,78,21,11.17,3.07,3.11,1.12,30.58823529411765,8.235294117647058
13,Aaron Bummer,ATL,0,62,62.1,266,5,3,0,1,12,4,56,26,24,4,2,3,71,25,10.31,3.64,3.49,1.31,26.691729323308273,9.398496240601503
14,Brant Hurter,DET,3,41,62.1,259,4,3,1,0,4,1,60,28,26,5,1,3,53,15,7.61,2.19,3.71,1.21,20.463320463320464,5.7915057915057915
15,Tanner Scott,LAD,0,66,66.0,277,6,4,0,18,11,4,50,24,22,5,2,3,81,31,11.03,4.22,2.97,1.23,29.24187725631769,11.191335740072201
16,Chris Martin,TEX,0,55,56.0,227,3,2,0,9,12,3,53,22,20,6,1,2,58,9,9.31,1.46,3.23,1.1,25.55066079295154,3.9647577092511015
17,Keegan Akin,BAL,0,63,69.1,284,4,2,0,1,11,1,60,29,27,8,2,2,77,19,9.99,2.52,3.49,1.14,27.11267605633803,6.690140845070422
18,Robert Garcia,TEX,0,63,63.1,261,4,4,0,8,14,3,54,26,23,6,2,2,70,22,10.0,3.07,3.35,1.19,26.81992337164751,8.42911877394636
19,Josh Hader,HOU,0,63,63.0,255,5,4,0,33,3,4,44,24,23,8,1,3,88,25,12.59,3.57,3.22,1.1,34.509803921568626,9.803921568627452
20,Lucas Erceg,KCR,0,62,64.2,273,4,4,0,16,13,4,56,28,25,5,1,4,73,24,10.23,3.36,3.54,1.24,26.73992673992674,8.791208791208792
21,Bryan Abreu,HOU,0,69,70.0,291,3,2,0,5,22,4,54,27,25,7,1,4,91,29,11.71,3.74,3.17,1.18,31.27147766323024,9.965635738831615
22,Andres Munoz,SEA,0,59,59.2,244,4,4,0,27,6,5,44,20,18,5,2,3,76,23,11.47,3.5,2.75,1.12,31.147540983606557,9.426229508196721
23,A.J. Puk,ARI,0,63,64.2,267,5,4,0,12,15,4,54,26,24,7,2,3,77,22,10.73,3.02,3.37,1.17,28.83895131086142,8.239700374531834
24,Devin Williams,NYY,0,58,58.1,240,5,3,0,31,4,4,40,20,19,5,1,3,79,27,12.23,4.17,2.89,1.15,32.916666666666664,11.25
25,Raisel Iglesias,ATL,0,66,67.0,271,5,3,0,34,3,4,57,26,24,7,2,3,72,16,9.71,2.18,3.2,1.09,26.56826568265683,5.904059040590406
26,Jeremiah Estrada,SDP,0,60,60.2,251,4,3,0,4,16,2,47,24,22,7,2,2,83,26,12.34,3.79,3.33,1.19,33.067729083665334,10.358565737051793
27,Justin Martinez,ARI,0,64,67.0,288,4,3,0,21,10,3,54,27,25,4,3,4,83,34,11.12,4.61,3.29,1.32,28.819444444444443,11.805555555555555
28,Cole Sands,MIN,0,58,64.2,269,5,3,0,4,10,2,58,29,26,7,1,3,70,19,9.79,2.66,3.68,1.18,26.022304832713754,7.063197026022305
29,Jason Adam,SDP,0,66,66.1,270,4,3,0,7,19,4,50,25,23,7,2,5,76,22,10.3,2.94,3.16,1.08,28.14814814814815,8.148148148148149
30,Tyler Holton,DET,1,62,72.1,293,4,3,0,6,14,1,62,28,26,7,1,3,63,17,7.89,2.17,3.25,1.1,21.501706484641637,5.802047781569966
31,Camilo Doval,SFG,0,64,64.2,276,5,4,0,10,14,5,53,28,26,5,2,3,77,31,10.73,4.32,3.55,1.3,27.898550724637683,11.231884057971014
32,Jose Alvarado,PHI,0,60,57.2,244,3,3,0,4,14,3,47,24,22,5,2,3,66,27,10.31,4.14,3.44,1.28,27.049180327868854,11.065573770491802
33,Gregory Santos,SEA,0,50,52.1,220,2,2,0,2,12,3,47,22,20,4,1,3,52,17,8.93,2.97,3.41,1.23,23.636363636363637,7.727272727272727
34,Aroldis Chapman,BOS,0,63,60.0,257,5,4,0,12,14,4,43,25,23,5,1,3,88,36,13.15,5.42,3.39,1.33,34.24124513618677,14.007782101167315
35,Trevor Megill,MIL,0,58,59.2,250,3,3,0,25,6,4,52,26,24,7,2,3,71,21,10.72,3.22,3.55,1.22,28.4,8.4
36,Kevin Ginkel,ARI,0,63,63.0,262,5,3,0,6,15,4,56,26,24,6,1,3,68,19,9.66,2.76,3.42,1.2,25.954198473282442,7.251908396946565
37,Ryan Pressly,CHC,0,59,58.1,242,3,3,0,23,6,6,53,25,23,6,1,2,61,17,9.36,2.68,3.49,1.21,25.206611570247933,7.024793388429752
38,Ben Joyce,LAA,0,56,59.1,251,3,3,0,23,7,3,47,24,22,5,0,4,71,27,10.79,4.13,3.33,1.26,28.286852589641438,10.756972111553784
39,Hunter Harvey,KCR,0,58,60.0,250,3,3,0,3,20,3,54,27,25,6,1,3,63,18,9.48,2.68,3.72,1.2,25.2,7.199999999999999
40,Fernando Cruz,NYY,1,61,61.1,257,3,3,0,1,17,2,48,28,25,7,1,3,85,28,12.48,4.16,3.71,1.24,33.07392996108949,10.894941634241246
41,Blake Treinen,LAD,0,55,54.2,226,5,3,0,5,17,4,48,22,20,6,1,3,60,16,9.93,2.68,3.33,1.17,26.548672566371685,7.079646017699115
42,A.J. Minter,NYM,0,55,52.2,216,4,3,0,2,14,4,44,21,20,6,1,2,60,17,10.27,2.96,3.35,1.16,27.77777777777778,7.87037037037037
43,Adrian Morejon,SDP,1,59,66.2,280,4,3,0,1,14,2,61,30,27,7,1,2,69,23,9.3,3.04,3.68,1.26,24.642857142857146,8.214285714285714
44,Pete Fairbanks,TBR,0,52,53.0,219,3,3,0,24,4,4,43,22,20,5,1,2,59,20,10.1,3.38,3.4,1.19,26.94063926940639,9.1324200913242
45,Edwin Uceta,TBR,0,57,66.2,278,3,2,0,9,14,2,54,29,27,8,1,4,75,25,10.13,3.32,3.64,1.18,26.978417266187048,8.992805755395683
46,Garrett Whitlock,BOS,1,45,56.2,234,3,3,0,4,7,1,53,26,24,7,0,2,57,14,9.01,2.17,3.74,1.18,24.358974358974358,5.982905982905983
47,Dedniel Nunez,NYM,0,46,52.2,217,3,2,0,1,11,2,44,21,19,6,1,2,62,18,10.55,3.14,3.32,1.18,28.57142857142857,8.294930875576037
48,Erik Miller,SFG,2,60,58.1,250,3,3,0,1,14,3,46,25,23,5,1,2,72,32,11.1,4.87,3.54,1.32,28.799999999999997,12.8
49,Justin Slaten,BOS,0,60,66.0,278,4,3,0,6,17,4,60,31,28,8,1,3,70,23,9.47,3.11,3.83,1.26,25.179856115107913,8.273381294964029
50,Will Vest,DET,0,63,64.0,266,3,3,0,3,14,3,58,26,24,6,1,3,63,20,8.82,2.75,3.4,1.21,23.684210526315788,7.518796992481203
51,Bryan Hudson,MIL,0,53,62.0,256,4,2,0,2,12,3,50,25,23,7,1,3,65,22,9.45,3.22,3.28,1.17,25.390625,8.59375
52,Evan Phillips,LAD,0,60,58.1,240,4,2,0,5,14,3,50,24,22,6,1,2,65,18,9.99,2.76,3.44,1.16,27.083333333333332,7.5
53,Yimi Garcia,TOR,0,56,56.2,232,3,3,0,8,17,4,48,25,23,7,2,3,64,17,10.16,2.66,3.66,1.14,27.586206896551722,7.327586206896551
54,Tyler Rogers,SFG,0,68,67.2,284,3,4,0,2,21,2,69,31,28,6,1,4,49,14,6.53,1.87,3.74,1.23,17.253521126760564,4.929577464788732
55,Kenta Maeda,DET,6,44,74.0,310,3,4,1,0,4,0,71,39,36,11,0,3,70,20,8.49,2.45,4.42,1.24,22.58064516129032,6.451612903225806
56,David Robertson,,0,46,51.1,213,3,3,0,4,10,5,41,20,19,5,1,3,63,20,11.03,3.56,3.3,1.2,29.577464788732392,9.389671361502346
57,Kevin Kelly,TBR,0,55,57.2,238,3,2,0,0,13,2,53,25,23,5,1,4,51,13,7.9,1.95,3.52,1.14,21.428571428571427,5.46218487394958
58,Ian Hamilton,NYY,0,50,55.2,236,2,2,0,2,13,1,49,24,22,5,1,3,60,22,9.73,3.54,3.5,1.26,25.423728813559322,9.322033898305085
59,Tim Herrin,CLE,0,59,58.1,245,3,2,0,0,14,1,49,24,22,5,1,3,62,23,9.56,3.61,3.37,1.24,25.30612244897959,9.387755102040817
60,Porter Hodge,CHC,0,59,64.0,272,4,3,0,10,15,4,52,28,26,6,1,3,72,30,10.1,4.26,3.6,1.28,26.47058823529412,11.029411764705882
61,Dylan Lee,ATL,0,55,58.1,239,4,2,0,0,11,2,51,23,21,7,2,1,67,17,10.27,2.56,3.23,1.16,28.03347280334728,7.112970711297072
62,Alex Vesia,LAD,0,56,54.2,227,3,3,0,1,12,2,42,23,21,7,2,2,69,24,11.34,4.03,3.47,1.23,30.396475770925107,10.572687224669604
63,Jose A. Ferrer,WSN,0,60,61.1,260,3,2,0,5,12,2,60,29,26,5,1,3,51,19,7.47,2.78,3.87,1.28,19.615384615384617,7.307692307692308
64,David Bednar,PIT,0,60,60.0,254,3,4,0,21,6,5,54,29,27,7,2,3,62,22,9.34,3.37,4.02,1.27,24.409448818897637,8.661417322834646
65,Shawn Armstrong,TEX,1,58,62.2,265,3,3,0,1,9,1,59,31,28,8,1,3,61,21,8.78,2.99,4.09,1.28,23.0188679245283,7.9245283018867925
66,Anthony Bender,MIA,0,58,57.2,244,4,3,0,5,15,4,54,27,24,6,1,3,59,20,9.29,3.17,3.82,1.28,24.18032786885246,8.19672131147541
67,Andrew Nardi,MIA,0,56,55.0,232,4,3,0,2,13,3,47,25,23,7,1,2,69,22,11.26,3.54,3.79,1.25,29.74137931034483,9.482758620689655
68,Matthew Liberatore,STL,4,51,75.0,321,4,4,1,1,8,1,73,38,35,8,1,3,68,27,8.16,3.24,4.16,1.33,21.18380062305296,8.411214953271028
69,Tristan Beck,SFG,2,38,55.2,234,2,2,0,0,4,0,54,27,25,7,1,2,48,15,7.77,2.49,3.97,1.25,20.51282051282051,6.41025641025641
70,Jared Koenig,MIL,2,53,61.2,262,5,4,0,2,10,2,58,27,25,6,2,3,60,22,8.71,3.26,3.67,1.3,22.900763358778626,8.396946564885496
71,Tanner Banks,PHI,0,61,67.1,283,3,3,0,1,9,2,63,31,29,8,1,3,66,21,8.86,2.84,3.86,1.25,23.32155477031802,7.420494699646643
72,Reed Garrett,NYM,0,59,63.0,270,5,4,0,2,13,4,55,29,27,7,2,3,74,29,10.57,4.19,3.82,1.34,27.40740740740741,10.74074074074074
73,Liam Hendriks,BOS,0,52,53.1,220,4,3,0,16,9,4,47,24,22,7,1,2,60,16,10.19,2.66,3.79,1.18,27.27272727272727,7.2727272727272725
74,Yennier Cano,BAL,0,62,60.1,253,3,3,0,3,20,3,55,25,23,5,1,2,60,21,8.96,3.17,3.41,1.26,23.715415019762844,8.300395256916996
75,Mark Leiter Jr.,NYY,0,53,55.0,230,3,3,0,1,14,2,47,26,24,7,1,3,66,21,10.81,3.38,3.86,1.22,28.695652173913043,9.130434782608695
76,Dane Dunning,TEX,6,49,83.2,358,5,4,3,0,4,0,81,43,39,11,1,5,76,29,8.19,3.12,4.24,1.32,21.22905027932961,8.100558659217876
77,Kenley Jansen,,0,47,50.1,209,3,3,0,10,3,4,42,23,21,6,1,2,57,19,10.26,3.39,3.77,1.21,27.27272727272727,9.090909090909092
78,Sean Hjelle,SFG,0,53,64.1,276,3,3,0,0,8,0,67,31,28,6,2,4,56,17,7.85,2.45,3.99,1.31,20.28985507246377,6.159420289855073
79,John Schreiber,KCR,0,58,56.1,243,3,3,0,2,17,2,53,27,24,5,1,3,53,22,8.44,3.52,3.89,1.33,21.810699588477366,9.053497942386832
80,Taylor Rogers,CIN,0,61,59.1,253,3,4,0,5,12,2,54,29,27,8,1,3,64,23,9.7,3.42,4.03,1.29,25.296442687747035,9.090909090909092
81,Colin Holderman,PIT,0,59,58.1,251,3,4,0,2,18,4,53,27,25,6,1,4,59,25,9.16,3.81,3.83,1.33,23.50597609561753,9.9601593625498
82,Caleb Ferguson,PIT,0,55,53.2,231,3,3,0,1,12,2,50,24,22,5,1,3,58,22,9.72,3.71,3.77,1.35,25.108225108225106,9.523809523809524
83,Pierce Johnson,ATL,0,61,61.1,261,4,4,0,3,13,3,54,28,25,7,1,2,74,26,10.81,3.85,3.73,1.31,28.35249042145594,9.961685823754788
84,Matt Brash,SEA,0,32,32.1,137,3,2,0,3,6,1,26,12,11,3,1,2,42,14,11.66,4.0,3.16,1.25,30.656934306569344,10.218978102189782
85,Joel Payamps,MIL,0,62,61.2,256,3,4,0,6,18,2,56,27,25,8,2,3,61,19,8.87,2.71,3.65,1.2,23.828125,7.421875
86,Hoby Milner,TEX,0,55,55.0,229,3,2,0,0,9,1,53,26,23,6,1,3,51,14,8.31,2.22,3.83,1.2,22.270742358078603,6.11353711790393
87,Seth Halvorsen,COL,0,59,62.0,270,4,5,0,10,11,4,62,33,30,8,1,3,60,25,8.73,3.58,4.4,1.4,22.22222222222222,9.25925925925926
88,Brady Basso,ATH,3,30,46.1,193,3,2,1,0,1,0,43,22,20,6,0,1,44,13,8.52,2.52,3.91,1.22,22.797927461139896,6.7357512953367875
89,Kirby Yates,LAD,0,58,58.0,241,5,3,0,15,11,3,42,23,21,7,2,3,72,27,11.21,4.22,3.3,1.19,29.87551867219917,11.20331950207469
90,Tony Santillan,CIN,0,57,59.1,254,4,4,0,4,12,3,53,30,27,8,3,3,69,26,10.52,3.88,4.16,1.32,27.165354330708663,10.236220472440944
91,Yuki Matsui,SDP,0,53,53.0,223,3,2,0,2,8,3,44,23,21,6,2,2,61,22,10.41,3.77,3.61,1.25,27.3542600896861,9.865470852017937
92,Robert Suarez,SDP,0,61,62.1,256,5,4,0,28,5,5,53,26,24,8,2,2,62,20,8.94,2.92,3.52,1.18,24.21875,7.8125
93,Caleb Thielbar,CHC,0,53,49.0,206,3,3,0,1,12,2,44,24,22,6,1,1,54,18,9.93,3.33,4.0,1.26,26.21359223300971,8.737864077669903
94,Graham Ashcraft,CIN,3,41,58.2,252,3,3,1,0,4,0,60,31,28,7,0,3,48,18,7.34,2.81,4.34,1.33,19.047619047619047,7.142857142857142
95,Declan Cronin,MIA,0,59,66.1,290,3,4,0,1,11,1,67,34,31,5,2,4,59,25,7.99,3.4,4.19,1.39,20.344827586206897,8.620689655172415
96,Danny Coulombe,MIN,0,46,45.0,184,3,2,0,1,9,2,39,19,17,5,1,2,47,13,9.36,2.51,3.43,1.14,25.543478260869566,7.065217391304348
97,Carlos Estevez,KCR,0,60,62.0,260,4,4,0,19,6,5,56,29,27,8,2,3,62,21,8.97,3.03,3.87,1.24,23.846153846153847,8.076923076923077
98,Luke Weaver,NYY,0,61,72.0,297,4,4,0,5,17,1,63,34,31,10,1,3,78,22,9.83,2.77,3.89,1.18,26.262626262626267,7.4074074074074066
99,Jason Foley,DET,0,62,59.2,252,3,3,0,19,9,3,58,26,24,5,2,3,48,18,7.31,2.64,3.6,1.27,19.047619047619047,7.142857142857142
100,Clayton Beeter,NYY,1,41,50.1,214,3,2,0,0,5,0,42,24,22,6,1,2,57,23,10.22,4.2,3.96,1.3,26.635514018691588,10.74766355140187
101,Bryan King,HOU,0,49,48.2,207,2,2,0,0,7,2,43,21,19,5,1,3,51,20,9.41,3.65,3.57,1.29,24.637681159420293,9.66183574879227
102,Nick Mears,MIL,0,56,58.0,248,2,3,0,0,12,2,50,28,26,7,1,2,70,27,10.94,4.14,4.06,1.32,28.225806451612907,10.887096774193548
103,Brock Stewart,MIN,0,48,49.0,207,2,1,0,1,13,2,41,21,19,6,1,2,60,21,11.05,3.86,3.48,1.27,28.985507246376812,10.144927536231885
104,Joe Ross,PHI,4,36,57.1,245,3,3,2,0,2,0,55,29,27,7,1,3,50,21,7.91,3.26,4.18,1.33,20.408163265306122,8.571428571428571
105,Brock Burke,LAA,0,58,62.0,263,4,3,0,1,9,2,59,31,28,8,2,3,62,21,9.02,3.11,4.11,1.29,23.574144486692013,7.984790874524715
106,Joe Mantiply,ARI,0,59,55.2,234,4,3,0,1,13,1,54,26,24,5,2,2,48,16,7.82,2.67,3.87,1.27,20.51282051282051,6.837606837606838
107,Jesus Tinoco,MIA,0,59,67.1,284,3,2,0,10,13,2,61,31,28,8,1,4,68,24,9.13,3.22,3.77,1.26,23.943661971830984,8.450704225352112
108,Michel Otanez,ATH,0,55,55.2,244,4,2,0,1,13,3,46,26,24,5,1,4,72,32,11.65,5.2,3.84,1.4,29.508196721311474,13.114754098360656
109,Joe Kelly,,0,36,35.2,153,2,2,0,0,7,3,30,16,15,3,1,2,42,17,10.64,4.3,3.77,1.31,27.450980392156865,11.11111111111111
110,Sam Moll,CIN,0,60,57.0,245,3,3,0,0,13,1,51,27,25,6,3,3,59,24,9.25,3.85,3.93,1.32,24.081632653061224,9.795918367346939
111,Kody Funderburk,MIN,0,44,48.1,211,3,1,0,1,7,0,46,24,22,4,1,3,48,20,8.99,3.74,4.06,1.37,22.748815165876778,9.47867298578199
112,Ryan Burr,TOR,1,43,43.1,182,2,2,0,0,5,2,38,20,19,6,0,2,51,16,10.48,3.23,3.86,1.24,28.021978021978022,8.791208791208792
113,Dennis Santana,PIT,0,63,66.1,284,3,3,0,5,12,3,62,34,31,6,1,4,64,26,8.64,3.57,4.24,1.32,22.535211267605636,9.15492957746479
114,Ryan Fernandez,STL,0,59,63.0,269,3,4,0,1,15,2,58,29,27,6,2,2,64,26,9.11,3.67,3.86,1.33,23.79182156133829,9.66542750929368
115,Slade Cecconi,CLE,4,34,56.0,234,2,4,1,0,1,0,56,31,28,9,0,3,50,13,8.07,2.1,4.59,1.24,21.367521367521366,5.555555555555555
116,Gregory Soto,BAL,0,57,54.0,231,3,4,0,2,12,2,47,24,22,5,1,3,60,24,10.03,4.08,3.73,1.32,25.97402597402597,10.38961038961039
117,Ryan Thompson,ARI,0,61,60.1,256,4,4,0,1,16,5,60,28,26,5,1,3,48,17,7.22,2.55,3.81,1.27,18.75,6.640625
118,Nate Pearson,CHC,0,60,63.1,267,3,3,0,3,13,3,57,31,28,9,1,3,68,23,9.72,3.31,4.02,1.26,25.468164794007492,8.614232209737828
119,Max Lazar,PHI,0,39,41.0,172,2,2,0,0,3,1,40,21,19,5,1,1,35,12,7.78,2.54,4.16,1.26,20.348837209302324,6.976744186046512
120,Manuel Rodriguez,TBR,0,60,59.2,254,4,4,0,3,15,2,54,26,24,6,1,4,58,22,8.79,3.3,3.56,1.27,22.83464566929134,8.661417322834646
121,JoJo Romero,STL,0,56,56.1,237,4,3,0,3,18,5,52,25,23,6,1,3,54,19,8.6,2.96,3.65,1.25,22.78481012658228,8.016877637130802
122,Landon Knack,LAD,4,31,51.2,216,3,2,2,0,1,0,47,26,24,8,1,2,52,16,9.03,2.84,4.15,1.23,24.074074074074073,7.4074074074074066
123,Beau Brieske,DET,2,54,67.1,284,4,4,1,6,9,2,61,32,29,8,1,2,64,26,8.59,3.43,3.89,1.29,22.535211267605636,9.15492957746479
124,Paul Sewald,CLE,0,54,54.1,225,3,3,0,4,11,4,46,26,24,8,1,3,60,17,10.0,2.87,3.95,1.17,26.666666666666668,7.555555555555555
125,Noah Cameron,KCR,2,21,32.1,136,2,2,1,0,1,0,32,15,14,4,0,1,29,9,8.15,2.58,3.95,1.27,21.323529411764707,6.61764705882353
126,Brenan Hanifee,DET,1,32,36.1,153,2,2,0,0,6,2,36,16,14,3,0,1,29,10,7.22,2.43,3.55,1.28,18.954248366013072,6.535947712418301
127,Daysbel Hernandez,ATL,0,44,47.0,205,4,2,0,0,6,2,41,21,20,5,2,2,55,25,10.48,4.75,3.75,1.41,26.82926829268293,12.195121951219512
128,Garrett Cleavinger,TBR,0,59,58.0,247,4,4,0,2,15,3,48,27,24,7,1,4,68,27,10.55,4.16,3.8,1.29,27.530364372469634,10.931174089068826
129,Brennan Bernardino,BOS,1,57,54.2,236,3,3,0,0,11,1,52,26,24,6,4,4,56,21,9.33,3.52,3.97,1.34,23.728813559322035,8.898305084745763
130,Calvin Faucher,MIA,0,55,58.1,254,3,3,0,12,8,2,56,29,26,6,2,3,61,26,9.39,3.95,4.06,1.4,24.015748031496063,10.236220472440944
131,Randy Rodriguez,SFG,0,43,52.1,227,3,3,0,0,7,2,48,27,25,5,1,3,52,23,8.99,3.99,4.25,1.37,22.90748898678414,10.13215859030837
132,John King,STL,0,56,59.1,254,3,3,0,0,12,3,63,26,24,5,1,2,40,16,6.08,2.47,3.68,1.33,15.748031496062993,6.299212598425196
133,Emilio Pagan,CIN,0,60,61.0,257,4,4,0,2,12,4,56,32,29,10,1,2,64,20,9.44,3.01,4.31,1.25,24.90272373540856,7.782101167315175
134,Ty Madden,DET,3,32,48.0,206,2,2,1,0,1,0,46,25,23,6,1,2,45,18,8.43,3.39,4.25,1.32,21.844660194174757,8.737864077669903
135,Josh Winckowski,BOS,1,44,54.2,236,3,3,0,0,4,1,57,27,24,6,2,2,46,18,7.54,2.92,4.02,1.36,19.491525423728813,7.627118644067797
136,Craig Yoho,MIL,0,39,40.2,173,3,2,0,0,2,0,35,18,17,4,0,2,46,18,10.16,4.01,3.75,1.31,26.589595375722542,10.404624277456648
137,Hunter Gaddis,CLE,1,58,63.0,259,4,3,0,1,20,3,56,29,27,9,1,4,57,17,8.18,2.43,3.82,1.15,22.00772200772201,6.563706563706563
138,Abner Uribe,MIL,0,39,41.0,179,2,2,0,2,5,2,33,19,17,3,4,1,48,25,10.43,5.51,3.76,1.43,26.81564245810056,13.966480446927374
139,Adam Ottavino,,0,45,44.2,192,2,2,0,2,7,2,40,22,20,5,1,3,47,18,9.51,3.71,4.05,1.3,24.479166666666664,9.375
140,Scott Alexander,,1,43,41.0,175,2,3,0,0,5,1,40,18,17,3,2,2,33,14,7.17,3.0,3.7,1.31,18.857142857142858,8.0
141,Gabe Speier,SEA,0,47,43.2,183,2,2,0,0,10,1,38,20,19,5,2,2,48,15,9.83,3.16,3.86,1.23,26.229508196721312,8.19672131147541
142,Hans Crouse,LAA,0,60,62.0,265,5,4,0,2,8,2,53,32,29,9,2,3,72,29,10.51,4.19,4.23,1.32,27.169811320754718,10.943396226415095
143,Angel Perdomo,ATL,0,44,44.2,190,2,2,0,0,8,0,37,20,18,5,1,3,56,21,11.34,4.27,3.69,1.3,29.47368421052631,11.052631578947368
144,Luis Garcia,,0,53,54.0,230,3,3,0,2,9,2,53,26,24,6,1,3,49,16,8.15,2.69,4.01,1.28,21.304347826086957,6.956521739130435
145,Mike Burrows,PIT,3,28,47.0,202,4,2,1,0,1,0,46,25,23,6,0,2,42,18,8.14,3.48,4.47,1.36,20.792079207920793,8.91089108910891
146,Jonathan Loaisiga,NYY,0,35,37.0,156,2,2,0,0,4,2,35,16,15,4,1,2,29,11,7.1,2.63,3.56,1.24,18.58974358974359,7.051282051282051
147,Jake Cousins,NYY,0,55,56.1,242,3,3,0,2,14,1,45,25,23,6,1,4,68,29,10.81,4.59,3.74,1.31,28.09917355371901,11.983471074380166
148,Louie Varland,MIN,4,36,54.2,233,3,3,1,0,2,0,55,29,27,8,1,2,53,16,8.76,2.69,4.38,1.3,22.746781115879827,6.866952789699571
149,Alexis Diaz,CIN,0,63,63.2,275,4,4,0,24,5,4,54,33,30,8,2,5,68,32,9.59,4.51,4.27,1.35,24.727272727272727,11.636363636363637
150,Derek Law,WSN,0,68,71.2,305,4,4,0,9,14,4,69,33,30,8,1,3,61,24,7.7,3.04,3.8,1.31,20.0,7.868852459016394
151,Jose Leclerc,ATH,0,63,64.1,274,3,4,0,4,14,4,53,30,28,8,1,4,76,30,10.56,4.21,3.86,1.28,27.73722627737226,10.948905109489052
152,Jacob Waguespack,TBR,2,36,48.1,209,2,2,0,0,2,0,45,24,22,6,1,2,50,21,9.37,3.89,4.11,1.37,23.923444976076556,10.047846889952153
153,Will Warren,NYY,3,24,38.2,165,2,3,1,0,1,0,37,19,18,5,0,2,38,13,8.87,3.11,4.13,1.3,23.03030303030303,7.878787878787878
154,Jose Butto,NYM,1,52,66.1,279,5,3,1,1,12,2,55,30,28,8,1,3,66,28,8.97,3.76,3.74,1.25,23.655913978494624,10.03584229390681
155,Andrew Chafin,,0,51,49.2,214,3,3,0,2,9,2,44,23,21,5,1,2,56,24,10.13,4.3,3.86,1.36,26.168224299065418,11.214953271028037
156,Jorge Alcala,MIN,0,58,60.2,255,3,3,0,0,15,2,52,30,27,8,1,3,63,23,9.35,3.39,4.03,1.24,24.705882352941178,9.019607843137255
157,Jalen Beeks,,1,41,43.2,189,3,3,0,2,5,2,43,22,20,5,1,2,41,17,8.33,3.48,4.07,1.36,21.693121693121693,8.994708994708994
158,Robert Stephenson,LAA,0,38,38.0,158,2,2,0,2,6,2,33,18,17,6,1,1,45,12,10.72,2.89,3.94,1.2,28.48101265822785,7.59493670886076
159,Jose Suarez,LAA,4,42,64.0,277,3,3,1,3,5,2,62,35,32,9,1,3,63,25,8.82,3.5,4.48,1.36,22.743682310469314,9.025270758122744
160,John Brebbia,,1,45,44.2,188,2,3,0,1,7,2,42,23,21,7,1,2,48,15,9.68,2.94,4.26,1.26,25.53191489361702,7.9787234042553195
161,Connor Thomas,MIL,0,39,42.2,183,2,2,0,0,4,0,46,21,19,4,1,2,32,12,6.83,2.47,4.02,1.36,17.48633879781421,6.557377049180328
162,Jhony Brito,SDP,3,29,46.0,197,3,3,0,0,1,1,47,24,22,6,1,2,35,14,6.86,2.79,4.25,1.34,17.766497461928935,7.1065989847715745
163,Carmen Mlodzinski,PIT,1,54,59.2,258,4,4,0,1,11,2,57,29,27,6,1,3,55,24,8.2,3.6,4.03,1.35,21.31782945736434,9.30232558139535
164,Danny Young,NYM,0,49,47.2,205,3,2,0,0,9,0,41,22,20,5,1,5,52,21,9.92,3.98,3.84,1.31,25.365853658536587,10.24390243902439
165,Brusdar Graterol,LAD,0,21,21.0,87,1,1,0,1,4,1,19,8,7,2,0,1,18,6,7.49,2.42,3.18,1.17,20.689655172413794,6.896551724137931
166,Sean Guenther,DET,0,51,54.0,229,4,3,0,0,7,2,53,24,22,5,1,3,43,16,7.14,2.59,3.67,1.27,18.777292576419214,6.986899563318777
167,Anthony Banda,LAD,1,50,51.0,220,3,2,0,0,9,1,49,25,23,6,2,3,51,20,9.01,3.53,4.0,1.35,23.18181818181818,9.090909090909092
168,Yilber Diaz,ARI,3,34,52.2,226,3,3,1,0,1,0,47,27,24,6,1,2,55,23,9.44,4.01,4.17,1.34,24.336283185840706,10.176991150442479
169,Angel Zerpa,KCR,0,50,52.2,226,2,2,0,0,11,1,53,25,23,5,1,2,47,17,7.95,2.97,3.88,1.34,20.79646017699115,7.52212389380531
170,Luis Peralta,COL,0,57,56.1,253,1,2,0,2,11,0,54,30,27,6,1,4,63,31,10.03,4.86,4.34,1.5,24.90118577075099,12.25296442687747
171,Andrew Walters,CLE,1,47,46.2,200,3,1,0,0,5,1,40,22,21,6,0,2,51,23,9.82,4.46,4.0,1.36,25.5,11.5
172,Luke Little,CHC,0,33,33.0,143,2,2,0,0,3,0,26,13,12,3,1,3,40,18,11.02,4.87,3.31,1.33,27.972027972027973,12.587412587412588
173,Hunter Bigge,TBR,0,50,50.0,215,2,2,0,0,7,0,44,25,23,6,1,2,55,24,9.97,4.26,4.07,1.36,25.581395348837212,11.162790697674419
174,Cooper Criswell,BOS,3,24,40.0,173,2,2,1,0,1,0,42,21,20,5,0,3,31,11,6.99,2.56,4.4,1.33,17.91907514450867,6.358381502890173
175,Seranthony Dominguez,BAL,0,63,60.0,254,4,4,0,5,13,4,53,28,26,8,1,3,65,23,9.8,3.48,3.89,1.27,25.590551181102363,9.05511811023622
176,Justin Wilson,BOS,0,51,47.0,202,2,4,0,1,8,2,47,25,23,7,1,2,49,16,9.34,3.14,4.41,1.35,24.257425742574256,7.920792079207921
177,Walter Pennington,TEX,0,35,37.2,162,3,2,0,0,3,1,35,17,16,3,1,2,36,15,8.6,3.67,3.85,1.34,22.22222222222222,9.25925925925926
178,Craig Kimbrel,,0,47,50.1,216,4,3,0,3,4,5,42,24,22,6,1,3,61,24,10.84,4.26,3.97,1.3,28.240740740740737,11.11111111111111
179,Eiberson Castellano,MIN,1,34,39.1,168,2,2,0,0,3,0,37,19,18,4,0,2,38,14,8.72,3.16,4.11,1.3,22.61904761904762,8.333333333333332
180,Michael Grove,LAD,0,35,41.2,175,2,2,0,0,5,0,39,20,19,6,1,2,44,13,9.49,2.75,4.0,1.24,25.142857142857146,7.428571428571429
181,Justin Topa,MIN,0,42,42.0,178,3,2,0,1,8,2,40,19,17,4,1,2,37,14,7.85,2.91,3.68,1.29,20.786516853932586,7.865168539325842
182,Ryan Zeferjahn,LAA,0,50,60.2,265,2,3,0,1,8,1,55,32,30,8,2,4,64,29,9.44,4.22,4.41,1.38,24.150943396226417,10.943396226415095
183,Zack Thompson,STL,1,35,44.2,196,2,3,0,0,4,0,42,23,21,5,1,2,46,21,9.22,4.3,4.2,1.41,23.46938775510204,10.714285714285714
184,Carson Whisenhunt,SFG,2,13,21.1,91,1,1,1,0,1,0,19,10,9,2,0,1,22,9,9.2,3.61,3.95,1.32,24.175824175824175,9.89010989010989
185,Julian Merryweather,CHC,0,48,50.0,215,3,2,0,0,9,2,45,24,22,6,1,3,55,21,9.82,3.84,3.99,1.33,25.581395348837212,9.767441860465116
186,Tyler Stuart,WSN,0,37,41.2,176,2,2,0,0,2,0,40,20,18,5,0,2,37,12,8.01,2.64,3.93,1.26,21.022727272727273,6.8181818181818175
187,Forrest Whitley,HOU,0,41,42.2,186,3,2,0,0,4,0,38,20,19,5,1,3,46,20,9.65,4.12,3.94,1.36,24.731182795698924,10.75268817204301
188,Jordan Romano,PHI,0,54,54.2,230,4,4,0,24,5,6,49,26,24,7,2,3,58,20,9.49,3.25,3.87,1.25,25.217391304347824,8.695652173913043
189,Brandon Eisert,CHW,0,29,33.0,139,2,1,0,0,2,0,31,16,14,4,0,1,31,12,8.59,3.22,3.96,1.29,22.302158273381295,8.633093525179856
190,Ryan Brasier,CHC,1,33,33.1,138,2,1,0,0,5,1,30,16,14,4,0,1,32,9,8.68,2.54,3.88,1.18,23.18840579710145,6.521739130434782
191,Scott Barlow,,0,54,54.2,234,3,3,0,1,8,2,48,26,24,6,1,3,58,23,9.57,3.82,3.91,1.31,24.786324786324787,9.82905982905983
192,Josh Sborz,TEX,0,25,27.0,113,2,2,0,1,6,1,24,14,12,3,0,1,30,10,10.05,3.45,4.16,1.27,26.548672566371685,8.849557522123893
193,Tyson Miller,CHC,0,54,58.0,242,4,2,0,1,13,2,53,28,25,7,1,3,52,18,8.13,2.78,3.94,1.22,21.487603305785125,7.43801652892562
194,Yosver Zulueta,CIN,0,45,51.1,228,2,2,0,0,5,1,49,27,25,5,1,3,51,26,9.02,4.6,4.31,1.48,22.36842105263158,11.403508771929824
195,Eli Morgan,CHC,0,46,50.0,209,3,2,0,0,5,2,46,24,22,7,1,2,47,15,8.46,2.68,4.01,1.23,22.48803827751196,7.177033492822966
196,Andrew Kittredge,BAL,0,63,62.0,258,4,4,0,3,20,5,59,28,26,8,1,2,57,17,8.25,2.43,3.73,1.22,22.093023255813954,6.5891472868217065
197,Trevor McDonald,SFG,0,27,34.2,148,1,2,0,0,1,0,34,16,15,3,1,2,28,11,7.18,2.87,3.91,1.3,18.91891891891892,7.4324324324324325
198,Mason Montgomery,TBR,0,51,55.0,235,2,3,0,1,12,4,51,26,24,7,1,2,60,22,9.79,3.65,3.99,1.33,25.53191489361702,9.361702127659575
199,Brent Suter,CIN,1,53,61.2,264,2,2,0,0,7,1,64,31,28,9,1,3,49,18,7.11,2.63,4.11,1.32,18.560606060606062,6.8181818181818175
200,Eduard Bazardo,SEA,0,36,40.0,165,2,1,0,1,2,0,35,19,17,5,0,2,40,13,9.13,3.01,3.87,1.2,24.242424242424242,7.878787878787878
201,Phil Maton,,0,55,55.0,235,2,2,0,0,8,1,50,27,25,7,1,5,53,21,8.6,3.38,4.11,1.28,22.5531914893617,8.936170212765958
202,Trent Thornton,SEA,0,61,63.1,264,3,3,0,2,11,2,57,29,27,8,1,3,62,19,8.87,2.73,3.78,1.21,23.484848484848484,7.196969696969697
203,Joe Jimenez,ATL,0,18,18.0,74,1,1,0,0,3,0,15,8,7,2,0,1,21,6,10.51,2.85,3.59,1.15,28.37837837837838,8.108108108108109
204,Elvis Peguero,MIL,0,55,56.2,245,4,4,0,0,12,4,54,26,24,5,1,3,52,24,8.26,3.75,3.87,1.36,21.224489795918366,9.795918367346939
205,Cionel Perez,BAL,0,55,52.0,227,3,2,0,1,13,1,49,24,22,4,1,3,46,24,7.99,4.25,3.84,1.41,20.26431718061674,10.572687224669604
206,Joey Wentz,PIT,1,53,66.0,288,2,4,0,0,5,0,66,36,33,9,1,2,65,28,8.88,3.78,4.53,1.41,22.569444444444446,9.722222222222223
207,Riley O'Brien,STL,0,42,44.0,193,2,2,0,0,4,2,41,22,21,5,1,3,45,22,9.18,4.41,4.22,1.41,23.316062176165804,11.398963730569948
208,Troy Taylor,SEA,0,49,49.1,209,2,2,0,1,11,1,45,23,21,6,0,2,49,19,8.94,3.51,3.88,1.29,23.444976076555022,9.090909090909092
209,Alex Lange,DET,0,39,39.1,172,3,3,0,3,4,2,33,18,17,3,1,3,44,22,9.98,4.9,3.82,1.37,25.581395348837212,12.790697674418606
210,Jacob Webb,TEX,0,61,60.2,261,2,4,0,4,16,1,53,30,28,8,2,3,61,28,9.02,4.08,4.13,1.33,23.371647509578544,10.727969348659004
211,Brandon Young,BAL,2,20,28.1,119,2,2,0,0,1,0,27,14,13,4,0,1,27,9,8.5,2.88,4.07,1.27,22.689075630252102,7.563025210084033
212,Tyler Ferguson,ATH,0,60,63.2,275,3,3,0,2,16,2,55,31,29,7,2,4,69,31,9.78,4.44,4.08,1.35,25.09090909090909,11.272727272727273
213,Joe Rock,TBR,2,15,23.0,98,1,1,1,0,1,0,23,11,10,3,0,1,20,7,7.6,2.63,4.02,1.27,20.408163265306122,7.142857142857142
214,Quinn Priester,BOS,2,25,36.1,156,2,3,1,0,1,0,37,19,18,4,0,2,30,12,7.56,3.05,4.38,1.36,19.230769230769234,7.6923076923076925
215,Erik Sabrowski,CLE,0,46,51.1,222,3,2,0,0,7,2,44,23,21,6,0,2,60,28,10.48,4.84,3.68,1.4,27.027027027027028,12.612612612612612
216,Caleb Kilian,CHC,2,18,27.0,117,1,1,0,0,1,0,27,14,13,3,0,2,21,10,6.99,3.21,4.41,1.36,17.94871794871795,8.547008547008547
217,Victor Vodnik,COL,0,60,65.2,293,4,4,0,5,9,4,67,36,33,7,1,3,62,33,8.53,4.45,4.49,1.51,21.160409556313994,11.262798634812286
218,Tommy Nance,TOR,0,39,41.0,177,2,3,0,0,3,2,41,21,19,5,2,2,38,15,8.22,3.17,4.21,1.34,21.468926553672315,8.47457627118644
219,Dauri Moreta,PIT,0,29,29.0,122,2,1,0,0,2,1,25,14,13,4,1,1,32,11,9.82,3.48,4.13,1.25,26.229508196721312,9.01639344262295
220,Dylan Floro,,0,54,55.1,237,3,3,0,0,5,1,57,27,25,6,1,2,43,17,6.93,2.72,4.1,1.33,18.143459915611814,7.172995780590717
221,Drew Smyly,,1,42,50.1,214,3,4,0,0,3,1,48,26,24,8,1,2,49,17,8.74,3.09,4.24,1.3,22.897196261682243,7.943925233644859
222,Daniel Lynch IV,KCR,3,39,59.0,251,3,3,1,0,4,0,59,31,28,8,0,3,48,18,7.34,2.72,4.29,1.3,19.12350597609562,7.171314741035857
223,Hunter Stratton,PIT,0,24,24.2,105,1,1,0,0,4,2,23,12,11,3,0,1,23,9,8.46,3.33,4.09,1.31,21.904761904761905,8.571428571428571
224,JT Brubaker,NYY,3,30,44.2,192,2,3,1,0,2,0,44,24,22,7,0,2,43,15,8.6,3.09,4.4,1.32,22.395833333333336,7.8125
225,Daniel Palencia,CHC,0,25,28.0,121,2,2,0,0,1,0,23,14,13,3,0,2,32,15,10.21,4.67,4.16,1.36,26.446280991735538,12.396694214876034
226,Carson Seymour,SFG,0,19,21.2,93,2,1,0,0,1,0,22,10,9,2,0,1,19,7,7.83,2.83,3.87,1.3,20.43010752688172,7.526881720430108
227,Pedro Avila,,1,24,36.0,155,2,1,0,0,1,0,32,18,16,3,1,2,35,16,8.8,4.11,4.08,1.34,22.58064516129032,10.32258064516129
228,Bryan Hoeing,SDP,1,51,65.0,275,3,3,0,0,7,0,63,32,30,8,1,2,52,20,7.22,2.72,4.09,1.28,18.90909090909091,7.2727272727272725
229,James McArthur,KCR,0,39,41.1,177,3,3,0,2,6,3,42,21,20,5,1,2,37,13,8.08,2.78,4.28,1.34,20.903954802259886,7.344632768361582
230,Huascar Brazoban,NYM,0,39,42.0,182,2,2,0,0,5,3,37,20,19,4,1,2,43,20,9.16,4.34,4.01,1.36,23.626373626373624,10.989010989010989
231,Trevor Stephan,CLE,0,27,27.1,116,2,2,0,1,6,2,25,13,12,3,1,2,29,10,9.58,3.31,4.01,1.29,25.0,8.620689655172415
232,Carson Ragsdale,SFG,0,23,24.2,104,1,1,0,0,1,0,22,12,11,3,1,1,26,9,9.4,3.3,3.95,1.27,25.0,8.653846153846153
233,Jhonathan Diaz,,2,24,34.0,148,2,2,1,0,1,0,33,16,15,3,0,2,29,13,7.55,3.44,3.99,1.35,19.594594594594593,8.783783783783784
234,Shane Smith,CHW,1,39,44.1,189,2,3,0,0,4,0,42,22,21,6,0,2,42,16,8.63,3.34,4.18,1.32,22.22222222222222,8.465608465608465
235,Hector Neris,,0,56,56.1,239,5,4,0,3,11,3,49,27,24,7,1,3,60,24,9.53,3.8,3.91,1.29,25.10460251046025,10.0418410041841
236,Peter Strzelecki,PIT,0,30,31.1,136,1,2,0,0,3,1,31,16,15,4,1,2,29,11,8.24,3.3,4.3,1.35,21.323529411764707,8.088235294117647
237,Franco Aleman,CLE,0,31,33.2,143,2,2,0,0,3,0,32,16,15,4,0,2,34,12,9.0,3.26,4.01,1.3,23.776223776223777,8.391608391608392
238,Evan Reifert,WSN,0,47,49.0,212,2,3,0,1,8,0,44,25,23,6,1,3,51,23,9.47,4.22,4.21,1.36,24.056603773584907,10.849056603773585
239,Chase Lee,DET,0,20,20.1,85,1,1,0,0,1,0,19,9,8,2,0,1,19,7,8.53,3.07,3.7,1.26,22.35294117647059,8.235294117647058
240,Cody Poteet,CHC,1,27,37.1,156,2,1,0,0,1,0,34,17,15,4,0,2,33,13,8.04,3.07,3.75,1.25,21.153846153846153,8.333333333333332
241,Evan Sisk,KCR,0,20,20.1,89,1,1,0,0,1,1,19,10,9,2,0,1,20,9,8.61,4.12,3.95,1.39,22.47191011235955,10.112359550561797
242,Luke Jackson,,0,37,37.2,163,2,2,0,0,3,2,34,19,17,4,1,2,40,17,9.48,4.02,4.08,1.36,24.539877300613497,10.429447852760736
243,Austin Adams,BOS,0,30,27.0,120,1,1,0,0,6,2,24,14,13,3,1,4,31,13,10.34,4.45,4.42,1.38,25.833333333333336,10.833333333333334
244,Bryan Baker,BAL,0,36,38.0,162,2,2,0,0,4,1,34,19,17,5,1,1,39,16,9.36,3.88,4.06,1.32,24.074074074074073,9.876543209876543
245,Greg Weissert,BOS,0,55,55.2,240,3,2,0,0,8,2,54,27,25,7,2,3,54,21,8.67,3.45,4.03,1.35,22.5,8.75
246,Davis Daniel,ATL,1,16,22.1,96,1,2,0,0,1,0,23,12,11,3,0,1,20,6,8.11,2.58,4.45,1.33,20.833333333333336,6.25
247,Shawn Dubin,HOU,1,43,50.0,219,2,2,0,0,4,0,47,25,23,5,0,3,51,24,9.2,4.36,4.12,1.42,23.28767123287671,10.95890410958904
248,Rob Zastryzny,CHC,1,19,18.1,78,1,1,0,0,1,0,17,9,8,2,0,1,17,7,8.28,3.39,4.06,1.31,21.794871794871796,8.974358974358974
249,Drey Jameson,ARI,1,35,42.0,182,3,2,1,0,2,0,41,20,18,5,0,2,39,16,8.31,3.42,3.91,1.36,21.428571428571427,8.791208791208792
250,Eduardo Salazar,WSN,0,45,54.2,246,2,3,0,1,8,0,61,29,26,5,1,4,42,22,7.0,3.63,4.36,1.51,17.073170731707318,8.94308943089431
251,Anderson Pilar,ATL,0,37,38.0,164,2,2,0,0,6,0,38,19,18,4,1,2,34,12,8.0,2.94,4.16,1.33,20.73170731707317,7.317073170731707
252,Tommy Kahnle,DET,0,49,49.0,207,1,2,0,2,13,1,42,21,19,5,1,2,50,21,9.25,3.86,3.51,1.28,24.154589371980677,10.144927536231885
253,Nic Enright,CLE,0,31,31.0,129,2,2,0,0,4,0,28,15,14,4,1,1,32,10,9.34,2.84,3.93,1.22,24.8062015503876,7.751937984496124
254,Domingo Gonzalez,ATL,0,36,37.2,161,2,2,0,0,3,0,35,19,17,4,1,2,39,15,9.38,3.65,4.18,1.33,24.22360248447205,9.316770186335404
255,Chris Roycroft,STL,0,30,35.0,153,2,2,0,0,2,2,34,18,16,3,1,2,31,16,8.09,4.11,4.23,1.43,20.26143790849673,10.457516339869281
256,Chad Green,TOR,0,58,59.0,246,4,4,0,8,14,4,54,29,26,9,2,2,56,18,8.55,2.7,4.0,1.22,22.76422764227642,7.317073170731707
257,Tayler Saucedo,SEA,0,57,54.1,233,3,2,0,1,10,1,49,25,23,5,2,3,51,23,8.4,3.87,3.8,1.33,21.888412017167383,9.871244635193133
258,Michael Kopech,LAD,0,51,55.0,233,4,3,0,5,12,3,44,26,24,8,1,3,68,26,11.14,4.26,3.92,1.27,29.184549356223176,11.158798283261802
259,Stephen Kolek,SDP,0,28,30.2,134,2,1,0,0,1,1,32,16,15,3,0,2,26,10,7.55,3.02,4.4,1.39,19.402985074626866,7.462686567164178
260,Michael Tonkin,MIN,0,54,62.2,267,3,3,0,0,8,1,58,32,29,8,1,4,63,24,9.04,3.39,4.2,1.3,23.595505617977526,8.98876404494382
261,Sean Reid-Foley,NYM,0,44,44.1,192,2,2,0,0,6,1,38,21,19,5,0,2,48,23,9.78,4.67,3.94,1.38,25.0,11.979166666666668
262,Adam Macko,TOR,2,17,25.2,111,1,1,1,0,1,0,24,13,12,3,0,1,24,10,8.38,3.6,4.28,1.34,21.62162162162162,9.00900900900901
263,Ethan Small,SFG,0,19,22.2,99,1,1,0,0,1,0,21,11,10,2,0,1,23,10,8.99,4.11,4.11,1.4,23.232323232323232,10.1010101010101
264,Dillon Tate,,0,35,37.2,162,2,2,0,0,3,2,38,19,18,4,1,3,29,12,6.88,2.8,4.24,1.33,17.901234567901234,7.4074074074074066
265,Cole Sulser,TBR,1,35,37.2,162,2,2,0,1,4,2,34,19,17,5,1,1,35,16,8.44,3.89,4.16,1.34,21.604938271604937,9.876543209876543
266,Carson Spiers,CIN,2,30,48.2,213,3,3,1,0,1,0,53,29,27,9,0,3,43,16,7.98,3.04,4.97,1.42,20.187793427230048,7.511737089201878
267,Kevin Herget,NYM,0,25,29.0,121,1,2,0,0,2,0,28,14,13,4,1,1,26,8,7.99,2.47,4.12,1.25,21.487603305785125,6.6115702479338845
268,Jose Quijada,LAA,0,54,53.1,232,3,4,0,1,15,3,44,26,24,6,1,4,61,29,10.31,4.95,4.1,1.37,26.29310344827586,12.5
269,Kyle Finnegan,,0,53,57.1,245,3,4,0,7,5,4,55,28,26,7,2,2,55,21,8.68,3.36,4.01,1.32,22.448979591836736,8.571428571428571
270,Chase Silseth,LAA,4,38,57.1,247,3,3,1,0,3,0,53,30,28,9,0,2,57,24,8.92,3.77,4.36,1.34,23.076923076923077,9.7165991902834
271,Luis Contreras,HOU,0,29,31.2,135,1,1,0,0,1,0,28,17,15,4,1,2,32,13,8.99,3.8,4.37,1.33,23.703703703703706,9.62962962962963
272,Ryan Yarbrough,,1,39,56.1,237,3,3,1,0,2,1,54,28,26,7,1,4,41,15,6.57,2.4,4.15,1.22,17.29957805907173,6.329113924050633
273,Fraser Ellard,CHW,0,61,60.1,265,3,4,0,4,10,2,56,31,28,7,3,3,61,30,9.07,4.53,4.24,1.43,23.0188679245283,11.320754716981133
274,Tim Mayza,PIT,0,48,45.1,197,2,2,0,0,9,2,48,23,21,5,1,2,36,15,7.14,3.04,4.18,1.4,18.274111675126903,7.614213197969544
275,Edgardo Henriquez,LAD,0,27,29.1,128,1,1,0,1,3,1,26,15,14,4,0,1,31,15,9.62,4.66,4.29,1.41,24.21875,11.71875
276,Ronny Henriquez,MIN,0,24,27.0,116,1,1,0,0,2,0,27,14,13,3,1,1,23,9,7.79,3.0,4.21,1.35,19.82758620689655,7.758620689655173
277,Daniel Robert,TEX,0,28,31.0,134,2,2,0,0,2,0,28,16,15,4,0,3,31,12,8.95,3.58,4.24,1.3,23.134328358208954,8.955223880597014
278,Richard Lovelady,TOR,0,21,21.1,91,2,2,0,0,2,2,20,10,9,2,1,1,19,7,8.09,2.9,3.97,1.26,20.87912087912088,7.6923076923076925
279,Buck Farmer,,0,49,52.2,226,2,2,0,0,4,1,47,27,25,7,1,3,51,22,8.65,3.78,4.27,1.32,22.566371681415927,9.734513274336283
280,Jack Neely,CHC,0,17,17.2,75,1,1,0,0,1,1,16,9,8,2,0,1,18,7,9.42,3.44,4.23,1.28,24.0,9.333333333333334
281,Jake Bird,COL,0,43,47.1,211,2,3,0,1,6,3,50,27,25,5,1,3,41,20,7.72,3.82,4.68,1.47,19.431279620853083,9.47867298578199
282,Zach Penrod,BOS,0,22,20.1,88,1,1,0,0,4,0,18,10,9,2,0,2,21,9,9.36,4.23,4.13,1.38,23.863636363636363,10.227272727272728
283,Jimmy Herget,COL,0,34,37.1,161,1,2,0,1,3,2,40,21,19,6,1,2,33,11,7.99,2.66,4.67,1.35,20.496894409937887,6.832298136645963
284,Colton Gordon,HOU,2,14,21.0,89,1,1,1,0,1,0,20,11,10,3,0,1,19,7,7.98,2.83,4.17,1.26,21.34831460674157,7.865168539325842
285,Cristian Javier,HOU,1,18,24.1,102,2,1,1,0,1,0,21,12,11,4,0,1,25,10,9.43,3.66,4.14,1.25,24.509803921568626,9.803921568627452
286,Ethan Roberts,CHC,0,35,40.1,172,2,2,0,0,3,0,38,20,19,5,0,2,38,15,8.51,3.36,4.18,1.32,22.093023255813954,8.720930232558139
287,Colin Selby,BAL,0,31,32.1,140,2,2,0,0,2,1,30,16,15,3,1,2,33,14,9.27,4.01,4.03,1.36,23.57142857142857,10.0
288,Anthony Molina,COL,0,21,27.2,122,1,1,0,0,1,1,32,18,16,3,1,1,19,8,6.31,2.75,5.33,1.47,15.573770491803279,6.557377049180328
289,Alek Jacob,SDP,0,27,34.0,148,1,1,0,0,2,0,33,17,16,4,0,2,34,14,9.04,3.58,4.2,1.36,22.972972972972975,9.45945945945946
290,Luis Guerrero,BOS,0,28,31.1,136,2,1,0,0,4,1,29,16,14,4,0,1,32,15,9.2,4.31,4.13,1.39,23.52941176470588,11.029411764705882
291,Tyler Kinley,COL,0,60,59.1,259,3,3,0,12,10,2,58,35,32,9,1,3,63,26,9.51,3.91,4.86,1.41,24.324324324324326,10.038610038610038
292,Bennett Sousa,HOU,0,28,29.1,126,2,2,0,0,2,0,28,14,13,3,1,1,29,11,8.74,3.51,3.99,1.33,23.015873015873016,8.73015873015873
293,Ryan Webb,CLE,0,22,23.1,101,1,1,0,0,1,0,22,12,11,3,0,1,22,9,8.38,3.41,4.08,1.34,21.782178217821784,8.91089108910891
294,Josh Simpson,MIA,0,27,29.0,127,1,2,0,0,2,0,27,14,13,3,0,1,30,14,9.19,4.26,4.04,1.4,23.62204724409449,11.023622047244094
295,Drew Rom,STL,0,10,11.0,47,1,1,0,0,1,0,10,5,5,1,0,1,11,4,8.66,3.28,3.85,1.3,23.404255319148938,8.51063829787234
296,Michael Fulmer,BOS,0,45,45.1,195,3,3,0,0,8,3,42,23,21,6,1,2,45,19,8.85,3.79,4.23,1.36,23.076923076923077,9.743589743589745
297,Sean Reynolds,SDP,0,42,47.0,207,2,1,0,0,5,0,44,24,22,5,1,3,49,24,9.46,4.66,4.27,1.45,23.67149758454106,11.594202898550725
298,J.B. Bukauskas,MIL,0,19,17.2,76,0,0,0,0,3,1,16,8,8,2,1,1,17,8,8.84,3.98,3.82,1.32,22.36842105263158,10.526315789473683
299,Spencer Bivens,SFG,1,33,44.2,191,3,2,0,0,3,0,45,21,20,6,1,2,34,14,6.8,2.8,3.96,1.32,17.801047120418847,7.329842931937172
300,Nick Robertson,TOR,0,31,34.2,148,1,1,0,0,2,0,33,17,16,4,1,1,33,13,8.66,3.37,4.17,1.33,22.2972972972973,8.783783783783784
301,Jonathan Bowlan,KCR,1,19,23.0,100,1,3,0,0,1,0,24,12,11,3,0,1,19,7,7.44,2.91,4.48,1.39,19.0,7.000000000000001
302,Matt Festa,,0,17,17.0,71,2,1,0,0,1,0,14,9,9,2,0,1,18,7,9.55,3.81,4.58,1.24,25.352112676056336,9.859154929577464
303,Tyler Phillips,PHI,2,24,34.1,150,2,2,1,0,1,0,37,20,19,5,0,1,26,11,6.87,2.97,4.89,1.41,17.333333333333336,7.333333333333333
304,Ryan Borucki,PIT,0,19,20.0,85,1,1,0,0,3,1,19,10,9,2,0,1,19,7,8.63,3.09,4.16,1.27,22.35294117647059,8.235294117647058
305,Keegan Thompson,CHC,1,45,54.2,233,3,3,0,1,7,0,45,26,24,7,1,2,56,26,9.27,4.23,4.01,1.3,24.034334763948497,11.158798283261802
306,Brooks Raley,,0,23,22.1,95,1,1,0,1,4,1,20,11,10,3,0,1,22,9,8.95,3.5,3.95,1.3,23.157894736842106,9.473684210526317
307,Ryne Stanek,NYM,0,56,55.1,236,4,3,0,1,12,3,47,27,24,7,1,2,62,26,10.07,4.16,3.97,1.31,26.27118644067797,11.016949152542372
308,Packy Naughton,STL,0,11,11.0,47,1,1,0,0,1,0,11,5,5,1,0,0,10,4,7.97,2.88,3.79,1.28,21.27659574468085,8.51063829787234
309,Collin Snider,SEA,0,56,56.1,243,4,3,0,1,11,3,54,26,24,7,1,2,52,23,8.39,3.75,3.87,1.37,21.39917695473251,9.465020576131687
310,Brent Headrick,MIN,0,22,26.0,109,2,1,0,0,1,0,24,13,12,4,0,1,27,9,9.26,2.96,4.14,1.25,24.770642201834864,8.256880733944955
311,Avery Weems,TEX,0,16,16.1,69,1,1,0,0,1,0,16,8,7,2,0,1,15,6,8.32,3.31,4.11,1.33,21.73913043478261,8.695652173913043
312,Enyel De Los Santos,ATL,0,27,27.0,116,1,1,0,0,3,1,25,14,13,4,1,1,27,10,9.13,3.36,4.2,1.31,23.275862068965516,8.620689655172415
313,Angel Bastardo,TOR,0,17,16.2,72,1,1,0,0,1,0,16,8,8,2,0,1,16,7,8.74,3.66,4.09,1.34,22.22222222222222,9.722222222222223
314,Ryan Loutos,STL,0,23,22.0,97,1,0,0,0,1,1,23,11,10,2,0,1,19,9,7.73,3.66,4.17,1.45,19.587628865979383,9.278350515463918
315,Joely Rodriguez,,0,23,23.2,103,1,1,0,0,3,1,24,12,11,2,0,1,20,9,7.74,3.53,4.13,1.39,19.41747572815534,8.737864077669903
316,JT Chargois,,0,44,45.0,191,2,2,0,0,4,1,40,21,19,6,1,2,40,18,8.06,3.5,3.89,1.29,20.94240837696335,9.424083769633508
317,Brad Lord,WSN,1,7,11.0,47,0,1,0,0,0,0,11,6,5,1,0,1,9,4,7.17,2.94,4.48,1.35,19.148936170212767,8.51063829787234
318,Jorge Lopez,WSN,0,59,61.0,263,3,3,0,11,11,2,59,30,28,8,2,4,54,22,7.96,3.28,4.12,1.33,20.53231939163498,8.365019011406844
319,Justin Wrobleski,LAD,1,16,22.2,97,1,1,0,0,1,0,22,13,12,3,0,1,21,8,8.12,3.18,4.55,1.32,21.649484536082475,8.24742268041237
320,Logan Henderson,MIL,0,9,11.0,45,1,1,0,0,1,0,10,5,5,2,0,0,12,3,9.59,2.38,4.17,1.17,26.666666666666668,6.666666666666667
321,Sem Robberse,STL,0,16,19.1,82,1,1,0,0,1,0,19,10,9,2,0,1,16,6,7.51,2.81,4.14,1.3,19.51219512195122,7.317073170731707
322,Carlos Hernandez,KCR,0,36,38.2,167,1,3,0,0,3,2,36,21,19,5,1,2,38,17,8.79,3.96,4.45,1.38,22.75449101796407,10.179640718562874
323,Kyle Nelson,ARI,0,20,20.0,85,2,1,0,0,3,1,19,10,9,3,1,1,20,7,8.82,3.16,4.15,1.31,23.52941176470588,8.235294117647058
324,Marc Church,TEX,0,36,39.2,170,2,3,0,0,3,0,38,21,19,5,0,1,39,16,8.77,3.55,4.4,1.36,22.941176470588236,9.411764705882353
325,Nick Nelson,,0,11,16.1,74,1,0,0,0,1,0,17,9,9,2,0,1,15,8,8.31,4.49,4.7,1.53,20.27027027027027,10.81081081081081
326,Chase Shugart,BOS,0,13,14.2,64,1,1,0,0,1,0,15,8,7,2,0,1,13,5,7.64,3.32,4.51,1.4,20.3125,7.8125
327,Jacob Latz,TEX,0,50,51.1,223,2,3,0,0,11,3,46,26,24,7,2,2,52,27,9.14,4.66,4.14,1.41,23.318385650224215,12.10762331838565
328,Joel Kuhnel,PHI,0,10,12.0,51,0,1,0,0,1,0,13,7,7,1,0,1,8,3,5.9,2.29,5.07,1.35,15.686274509803921,5.88235294117647
329,Matt Gage,DET,0,18,18.0,77,1,1,0,0,1,1,17,8,8,2,1,1,17,8,8.47,3.83,3.91,1.35,22.07792207792208,10.38961038961039
330,Allan Winans,NYY,1,19,22.1,95,1,2,0,0,1,0,22,11,10,3,0,1,18,6,7.38,2.36,4.17,1.26,18.947368421052634,6.315789473684211
331,Gordon Graceffo,STL,2,18,30.2,132,1,2,1,0,1,0,32,17,16,4,0,1,23,10,6.85,3.08,4.59,1.37,17.424242424242426,7.575757575757576
332,Huascar Ynoa,MIN,0,13,14.0,61,1,1,0,0,1,0,13,7,6,2,0,1,14,6,8.96,3.59,4.15,1.34,22.950819672131146,9.836065573770492
333,Jose Cisnero,,0,23,23.2,103,1,1,0,0,1,1,22,12,11,3,0,2,24,11,9.25,4.04,4.23,1.37,23.300970873786408,10.679611650485436
334,Brandyn Garcia,SEA,0,17,17.1,74,1,1,0,0,1,0,16,8,7,2,0,1,16,7,8.48,3.36,3.78,1.29,21.62162162162162,9.45945945945946
335,Andrew Misiaszek,CLE,0,31,32.0,138,2,2,0,0,2,0,30,15,14,4,0,2,32,14,9.04,3.81,3.99,1.35,23.18840579710145,10.144927536231885
336,Trevor Gott,,0,15,15.1,65,1,1,0,0,2,1,15,8,7,2,0,1,14,5,8.41,2.99,4.36,1.31,21.53846153846154,7.6923076923076925
337,Jesse Chavez,TEX,0,41,46.0,196,2,2,0,0,7,2,45,23,21,6,1,2,42,16,8.28,3.05,4.05,1.32,21.428571428571427,8.16326530612245
338,Grant Wolfram,MIL,0,15,16.0,70,1,1,0,0,1,0,15,8,8,2,0,1,16,7,8.72,4.1,4.31,1.42,22.857142857142858,10.0
339,Wandy Peralta,SDP,0,48,46.2,201,3,2,0,1,10,2,43,21,20,5,1,3,39,19,7.51,3.64,3.8,1.31,19.402985074626866,9.45273631840796
340,Scott Effross,NYY,0,39,40.0,169,4,2,0,0,4,2,39,20,18,5,1,2,34,12,7.54,2.8,4.07,1.28,20.118343195266274,7.100591715976331
341,Ryan Gusto,HOU,3,23,39.0,167,2,2,1,0,1,0,39,21,20,6,1,2,33,13,7.51,3.08,4.53,1.33,19.760479041916167,7.784431137724551
342,Adrian Houser,TEX,1,21,28.2,125,1,2,0,0,1,0,30,16,15,3,0,1,21,10,6.67,3.24,4.54,1.41,16.8,8.0
343,Zack Kelly,BOS,0,34,35.0,152,3,2,0,0,5,1,31,18,16,4,1,2,37,17,9.36,4.36,4.14,1.38,24.342105263157894,11.18421052631579
344,Doug Nikhazy,CLE,2,22,32.2,142,2,1,1,0,1,0,29,17,16,4,1,2,31,16,8.6,4.41,4.4,1.39,21.830985915492956,11.267605633802818
345,Garrett McDaniels,LAA,0,39,41.1,181,1,2,0,0,5,0,42,22,20,5,0,2,36,18,7.8,3.84,4.34,1.43,19.88950276243094,9.94475138121547
346,Travis Adams,MIN,1,11,15.2,67,1,1,0,0,1,0,16,8,8,2,0,1,12,5,6.81,2.82,4.47,1.34,17.91044776119403,7.462686567164178
347,Patrick Murphy,TEX,0,10,9.1,41,0,0,0,0,0,0,9,5,5,1,0,1,9,4,8.79,4.17,4.39,1.38,21.951219512195124,9.75609756097561
348,Colin Poche,,0,51,48.2,202,4,3,0,2,14,3,41,23,21,7,1,2,46,18,8.53,3.27,3.91,1.22,22.772277227722775,8.91089108910891
349,Cristian Mena,ARI,2,12,18.2,82,1,1,1,0,1,0,19,10,9,2,0,1,17,8,8.29,3.62,4.44,1.4,20.73170731707317,9.75609756097561
350,Parker Messick,CLE,0,10,10.1,43,1,1,0,0,1,0,10,5,4,1,0,1,10,3,8.83,2.96,3.92,1.27,23.25581395348837,6.976744186046512
351,Jacob Lopez,ATH,0,19,25.0,107,1,1,0,0,1,0,22,12,11,3,0,2,25,11,8.84,3.83,4.05,1.3,23.364485981308412,10.2803738317757
352,Andrew Morris,MIN,0,7,7.0,29,0,0,0,0,1,0,7,3,3,1,0,0,6,2,7.61,2.4,4.04,1.27,20.689655172413794,6.896551724137931
353,Mason Thompson,WSN,0,45,46.0,201,3,3,0,1,8,2,46,25,23,5,1,3,38,18,7.44,3.57,4.42,1.4,18.90547263681592,8.955223880597014
354,Ron Marinaccio,SDP,0,26,27.1,117,1,1,0,0,3,1,23,14,13,3,0,2,28,12,9.15,4.11,4.18,1.31,23.931623931623932,10.256410256410255
355,Ray Kerr,ATL,0,7,7.1,32,0,0,0,0,1,0,7,3,3,1,0,0,9,3,10.3,3.86,3.81,1.31,28.125,9.375
356,Hunter Dobbins,BOS,0,11,10.2,46,1,1,0,0,1,0,11,6,5,1,0,1,9,4,7.58,3.0,4.31,1.35,19.565217391304348,8.695652173913043
357,Reiver Sanmartin,CIN,0,7,5.2,25,0,0,0,0,0,0,6,3,3,1,0,0,4,2,6.96,3.19,4.63,1.43,16.0,8.0
358,Miguel Diaz,SFG,0,11,10.2,46,1,0,0,0,1,0,10,5,5,1,0,0,10,4,8.22,3.2,3.91,1.3,21.73913043478261,8.695652173913043
359,Yerry De Los Santos,NYY,0,27,27.2,119,1,1,0,0,2,1,28,14,13,3,1,1,23,10,7.39,3.27,4.16,1.36,19.327731092436977,8.403361344537815
360,Alex Young,CIN,0,19,18.1,80,1,1,0,0,2,0,19,10,9,3,0,1,16,7,7.72,3.48,4.38,1.4,20.0,8.75
361,Luis Curvelo,TEX,0,21,21.0,90,1,1,0,0,2,0,20,11,10,3,0,1,20,8,8.6,3.29,4.46,1.32,22.22222222222222,8.88888888888889
362,Lael Lockhart,DET,0,10,9.2,42,1,1,0,0,1,0,9,4,4,1,0,1,9,4,8.44,3.21,3.78,1.28,21.428571428571427,9.523809523809524
363,Michael Flynn,TBR,0,16,17.0,73,1,1,0,0,1,0,16,9,8,2,0,1,17,6,8.82,3.39,4.35,1.31,23.28767123287671,8.21917808219178
364,Lou Trivino,,0,27,26.2,116,2,2,0,0,1,1,26,14,13,3,1,1,25,11,8.4,3.83,4.32,1.38,21.551724137931032,9.482758620689655
365,Andrew Alvarez,WSN,0,9,9.2,42,0,1,0,0,0,0,10,5,4,1,0,0,8,3,6.91,3.18,4.09,1.36,19.047619047619047,7.142857142857142
366,Keynan Middleton,,0,12,12.1,53,1,1,0,0,1,1,11,6,6,2,0,1,13,5,9.56,3.73,4.0,1.29,24.528301886792452,9.433962264150944
367,Josh Walker,TOR,0,23,23.1,100,1,1,0,0,1,0,21,12,11,3,0,1,24,11,9.19,4.21,4.14,1.36,24.0,11.0
368,Joey Lucchesi,SFG,1,8,11.0,47,1,1,0,0,1,0,11,5,5,1,0,0,8,4,6.45,3.51,4.09,1.4,17.02127659574468,8.51063829787234
369,Kendall Graveman,,0,43,44.0,190,3,3,0,2,7,2,40,21,19,5,1,3,42,20,8.71,4.05,3.91,1.36,22.105263157894736,10.526315789473683
370,Enoli Paredes,ATL,0,19,21.0,89,0,0,0,0,3,0,15,9,8,2,0,1,19,12,8.29,4.92,3.58,1.26,21.34831460674157,13.48314606741573
371,Austin Davis,SDP,0,19,19.0,84,1,1,0,0,1,0,17,10,9,2,0,2,19,10,9.13,4.88,4.33,1.42,22.61904761904762,11.904761904761903
372,Ben Casparius,LAD,1,14,21.1,92,2,1,1,0,1,0,20,12,11,3,0,1,22,10,9.49,4.26,4.52,1.4,23.91304347826087,10.869565217391305
373,Hayden Harris,ATL,0,16,16.2,72,1,1,0,0,1,0,15,8,8,2,0,1,17,8,9.45,4.17,4.07,1.39,23.61111111111111,11.11111111111111
374,Brett de Geus,PIT,0,18,17.0,76,1,1,0,0,1,0,18,10,9,1,0,2,12,6,6.24,3.32,4.75,1.45,15.789473684210526,7.894736842105263
375,Jake Woodford,COL,1,10,13.2,60,0,1,0,0,1,0,16,8,8,2,0,1,10,4,6.71,2.76,5.19,1.46,16.666666666666664,6.666666666666667
376,Mason Englert,DET,0,23,27.2,118,2,1,0,0,2,1,28,15,14,4,1,1,25,9,7.99,2.77,4.43,1.3,21.1864406779661,7.627118644067797
377,Easton Lucas,TOR,0,16,17.2,77,1,1,0,0,2,0,17,9,9,2,1,1,16,7,8.15,3.64,4.43,1.37,20.77922077922078,9.090909090909092
378,Carlos Vargas,SEA,0,43,42.1,183,2,2,0,0,5,0,41,20,19,4,1,2,36,17,7.73,3.6,3.96,1.37,19.672131147540984,9.289617486338798
379,Blas Castano,SEA,2,18,24.1,105,1,2,1,0,1,0,24,13,12,3,0,1,19,8,7.02,2.93,4.26,1.32,18.095238095238095,7.6190476190476195
380,Bruce Zimmermann,MIL,0,11,12.1,53,1,1,0,0,1,0,13,6,6,2,0,1,11,3,8.05,2.08,4.29,1.29,20.754716981132077,5.660377358490567
381,Alex Cornwell,STL,0,5,5.0,22,0,0,0,0,1,0,5,2,2,1,0,0,4,2,6.58,2.75,3.93,1.34,18.181818181818183,9.090909090909092
382,Drew Smith,,0,11,11.1,49,1,1,0,0,2,0,11,6,5,2,0,1,12,5,9.36,3.77,4.26,1.33,24.489795918367346,10.204081632653061
383,Kelvin Caceres,LAA,0,23,22.2,101,1,1,0,0,2,0,21,12,11,3,1,1,24,12,9.39,4.84,4.38,1.45,23.762376237623762,11.881188118811881
384,Blake Walston,ARI,1,22,31.1,136,2,1,0,0,1,0,31,16,15,3,1,2,28,13,7.98,3.72,4.35,1.4,20.588235294117645,9.558823529411764
385,Justin Hagenman,NYM,0,14,13.2,58,1,1,0,0,1,0,13,7,7,2,0,1,13,4,8.42,2.87,4.28,1.28,22.413793103448278,6.896551724137931
386,Kyle Tyler,PHI,1,14,19.0,84,1,1,0,0,0,0,20,11,10,2,0,1,15,8,7.27,3.72,4.65,1.46,17.857142857142858,9.523809523809524
387,Gerson Garabito,TEX,0,23,27.0,115,1,1,0,0,1,0,25,14,13,4,0,2,25,9,8.26,3.14,4.35,1.3,21.73913043478261,7.82608695652174
388,Tyler Mattison,DET,0,19,19.2,85,1,1,0,0,1,0,18,10,9,2,0,1,20,9,8.93,3.96,4.21,1.36,23.52941176470588,10.588235294117647
389,A.J. Blubaugh,HOU,0,7,8.0,34,1,0,0,0,1,0,8,4,4,1,0,0,8,3,8.57,3.16,4.12,1.3,23.52941176470588,8.823529411764707
390,Austin Voth,,0,47,49.0,208,2,3,0,0,7,1,47,25,23,7,1,2,46,16,8.54,3.02,4.29,1.29,22.115384615384613,7.6923076923076925
391,Cole Waites,SFG,0,12,12.1,54,0,0,0,0,1,0,12,7,6,1,0,1,12,6,8.91,4.13,4.56,1.44,22.22222222222222,11.11111111111111
392,Rolddy Munoz,ATL,0,27,29.1,128,2,1,0,0,2,0,29,15,14,3,0,1,27,13,8.33,3.84,4.27,1.41,21.09375,10.15625
393,Kyle Amendt,ARI,0,11,11.0,47,1,1,0,0,1,0,10,5,5,1,0,0,12,5,9.52,4.42,4.02,1.4,25.53191489361702,10.638297872340425
394,Yohan Ramirez,PIT,0,25,25.2,115,1,2,0,0,2,1,25,14,13,3,1,3,23,11,8.18,3.88,4.51,1.41,20.0,9.565217391304348
395,Steven Cruz,KCR,0,27,28.2,126,2,1,0,0,1,1,27,15,14,3,0,1,27,14,8.42,4.33,4.32,1.44,21.428571428571427,11.11111111111111
396,Andrew Saalfrank,ARI,0,13,13.1,59,1,0,0,0,1,0,13,6,6,1,1,0,12,7,8.09,4.48,3.96,1.46,20.33898305084746,11.864406779661017
397,Phil Bickford,CHC,0,8,8.1,36,0,0,0,0,1,0,8,5,4,1,0,0,8,3,8.78,3.32,4.52,1.3,22.22222222222222,8.333333333333332
398,Trent Harris,SFG,0,7,7.2,33,0,0,0,0,1,0,7,4,4,1,0,0,7,3,8.18,3.55,4.29,1.36,21.21212121212121,9.090909090909092
399,Josh Staumont,,0,29,29.2,129,1,1,0,0,1,1,26,15,14,4,0,2,29,15,8.91,4.63,4.32,1.41,22.48062015503876,11.627906976744185
400,Jaden Hill,COL,0,28,30.0,134,2,2,0,0,2,1,32,18,16,4,0,2,27,12,8.21,3.65,4.84,1.45,20.149253731343283,8.955223880597014
